Mono path[0] = 'C:/学习/研究生/Elys AI/面试模拟题/AIFarm/Builds/Windows/AIFarmTown_Data/Managed'
Mono config path = 'C:/学习/研究生/Elys AI/面试模拟题/AIFarm/Builds/Windows/MonoBleedingEdge/etc'
CodeReloadManager initialized
Found 3 interfaces on host : 0) 192.168.1.212 1) 192.168.126.1 2) 192.168.72.1
Player connection [64128]  Target information:

Player connection [64128]  * "[IP] 192.168.1.212 [Port] 55000 [Flags] 2 [Guid] 1258925742 [EditorId] 752583963 [Version] 1048832 [Id] WindowsPlayer(2,mic666) [Debug] 0 [PackageName] WindowsPlayer [ProjectName] My project" 

Player connection [64128]  * "[IP] 192.168.126.1 [Port] 55000 [Flags] 2 [Guid] 1258925742 [EditorId] 752583963 [Version] 1048832 [Id] WindowsPlayer(2,mic666) [Debug] 0 [PackageName] WindowsPlayer [ProjectName] My project" 

Player connection [64128]  * "[IP] 192.168.72.1 [Port] 55000 [Flags] 2 [Guid] 1258925742 [EditorId] 752583963 [Version] 1048832 [Id] WindowsPlayer(2,mic666) [Debug] 0 [PackageName] WindowsPlayer [ProjectName] My project" 

Player connection [64128] Started UDP target info broadcast (1) on [225.0.0.222:54997].

Input System module state changed to: Initialized.
[Physics::Module] Initialized fallback backend.
[Physics::Module] Id: 0xdecafbad
Initialize engine version: 6000.5.10f1 (3bd4f66ad299)
[Subsystems] Discovering subsystems at path C:/学习/研究生/Elys AI/面试模拟题/AIFarm/Builds/Windows/AIFarmTown_Data/UnitySubsystems
Forcing GfxDevice: Null
GfxDevice: creating device client; kGfxThreadingModeNonThreaded
NullGfxDevice:
    Version:  NULL 1.0 [1.0]
    Renderer: Null Device
    Vendor:   Unity Technologies
Begin MonoManager ReloadAssembly
- Finished resetting the current domain, in  0.036 seconds
[Physics::Module] Selected backend.
[Physics::Module] Name: PhysX
[Physics::Module] Id: 0xf2b8ea05
[Physics::Module] SDK Version: 4.1.2
[Physics::Module] Integration Version: 1.0.0
[Physics::Module] Threading Mode: Multi-Threaded
Microsoft Media Foundation video decoding to texture disabled: graphics device is Null, only Direct3D 11 and Direct3D 12 (only on desktop) are supported for hardware-accelerated video decoding.
UnloadTime: 2.693100 ms
Failed to create agent because there is no valid NavMesh
Failed to create agent because there is no valid NavMesh
Failed to create agent because there is no valid NavMesh
Failed to create agent because there is no valid NavMesh
AI request residentId=resident-001 operation=resident-decision
UnityEngine.Debug:ExtractStackTraceNoAlloc (byte*,int,string)
UnityEngine.StackTraceUtility:ExtractStackTrace () (at C:/build/output/unity/unity/Runtime/Export/Scripting/StackTrace.cs:35)
UnityEngine.DebugLogHandler:Internal_Log (UnityEngine.LogType,UnityEngine.LogOption,string,UnityEngine.Object)
UnityEngine.DebugLogHandler:LogFormat (UnityEngine.LogType,UnityEngine.Object,string,object[]) (at C:/build/output/unity/unity/Runtime/Export/Logging/DebugLogHandler.cs:9)
UnityEngine.Logger:Log (UnityEngine.LogType,object) (at C:/build/output/unity/unity/Runtime/Export/Logging/Logger.cs:60)
UnityEngine.Debug:Log (object) (at C:/build/output/unity/unity/Runtime/Export/Debug/Debug.bindings.cs:123)
AIFarm.Presentation.RemoteAiGatewayClient:LogRequest (AIFarm.Npc.ResidentId,string) (at C:/学习/研究生/Elys AI/面试模拟题/AIFarm/My project/Assets/AIFarm/Presentation/RemoteAiGatewayClient.cs:618)
AIFarm.Presentation.RemoteAiGatewayClient/<DecideResident>d__23:MoveNext () (at C:/学习/研究生/Elys AI/面试模拟题/AIFarm/My project/Assets/AIFarm/Presentation/RemoteAiGatewayClient.cs:391)
AIFarm.Ai.AiRequestCoordinator/<Coordinate>d__39`1<AIFarm.Ai.ResidentDecisionSpec>:MoveNext () (at C:/学习/研究生/Elys AI/面试模拟题/AIFarm/My project/Assets/AIFarm/Ai/AiRequestCoordinator.cs:441)
UnityEngine.SetupCoroutine:InvokeMoveNext (System.Collections.IEnumerator,intptr) (at C:/build/output/unity/unity/Runtime/Export/Scripting/Coroutines.cs:17)

(Filename: C:/build/output/unity/unity/Runtime/Export/Debug/Debug.bindings.cs Line: 123)

AI request residentId=resident-002 operation=resident-decision
UnityEngine.Debug:ExtractStackTraceNoAlloc (byte*,int,string)
UnityEngine.StackTraceUtility:ExtractStackTrace () (at C:/build/output/unity/unity/Runtime/Export/Scripting/StackTrace.cs:35)
UnityEngine.DebugLogHandler:Internal_Log (UnityEngine.LogType,UnityEngine.LogOption,string,UnityEngine.Object)
UnityEngine.DebugLogHandler:LogFormat (UnityEngine.LogType,UnityEngine.Object,string,object[]) (at C:/build/output/unity/unity/Runtime/Export/Logging/DebugLogHandler.cs:9)
UnityEngine.Logger:Log (UnityEngine.LogType,object) (at C:/build/output/unity/unity/Runtime/Export/Logging/Logger.cs:60)
UnityEngine.Debug:Log (object) (at C:/build/output/unity/unity/Runtime/Export/Debug/Debug.bindings.cs:123)
AIFarm.Presentation.RemoteAiGatewayClient:LogRequest (AIFarm.Npc.ResidentId,string) (at C:/学习/研究生/Elys AI/面试模拟题/AIFarm/My project/Assets/AIFarm/Presentation/RemoteAiGatewayClient.cs:618)
AIFarm.Presentation.RemoteAiGatewayClient/<DecideResident>d__23:MoveNext () (at C:/学习/研究生/Elys AI/面试模拟题/AIFarm/My project/Assets/AIFarm/Presentation/RemoteAiGatewayClient.cs:391)
AIFarm.Ai.AiRequestCoordinator/<Coordinate>d__39`1<AIFarm.Ai.ResidentDecisionSpec>:MoveNext () (at C:/学习/研究生/Elys AI/面试模拟题/AIFarm/My project/Assets/AIFarm/Ai/AiRequestCoordinator.cs:441)
UnityEngine.SetupCoroutine:InvokeMoveNext (System.Collections.IEnumerator,intptr) (at C:/build/output/unity/unity/Runtime/Export/Scripting/Coroutines.cs:17)

(Filename: C:/build/output/unity/unity/Runtime/Export/Debug/Debug.bindings.cs Line: 123)

Curl error 42: Callback aborted
Curl error 42: Callback aborted
AI request residentId=resident-001 operation=resident-decision
UnityEngine.Debug:ExtractStackTraceNoAlloc (byte*,int,string)
UnityEngine.StackTraceUtility:ExtractStackTrace () (at C:/build/output/unity/unity/Runtime/Export/Scripting/StackTrace.cs:35)
UnityEngine.DebugLogHandler:Internal_Log (UnityEngine.LogType,UnityEngine.LogOption,string,UnityEngine.Object)
UnityEngine.DebugLogHandler:LogFormat (UnityEngine.LogType,UnityEngine.Object,string,object[]) (at C:/build/output/unity/unity/Runtime/Export/Logging/DebugLogHandler.cs:9)
UnityEngine.Logger:Log (UnityEngine.LogType,object) (at C:/build/output/unity/unity/Runtime/Export/Logging/Logger.cs:60)
UnityEngine.Debug:Log (object) (at C:/build/output/unity/unity/Runtime/Export/Debug/Debug.bindings.cs:123)
AIFarm.Presentation.RemoteAiGatewayClient:LogRequest (AIFarm.Npc.ResidentId,string) (at C:/学习/研究生/Elys AI/面试模拟题/AIFarm/My project/Assets/AIFarm/Presentation/RemoteAiGatewayClient.cs:618)
AIFarm.Presentation.RemoteAiGatewayClient/<DecideResident>d__23:MoveNext () (at C:/学习/研究生/Elys AI/面试模拟题/AIFarm/My project/Assets/AIFarm/Presentation/RemoteAiGatewayClient.cs:391)
AIFarm.Ai.AiRequestCoordinator/<Coordinate>d__39`1<AIFarm.Ai.ResidentDecisionSpec>:MoveNext () (at C:/学习/研究生/Elys AI/面试模拟题/AIFarm/My project/Assets/AIFarm/Ai/AiRequestCoordinator.cs:441)
UnityEngine.SetupCoroutine:InvokeMoveNext (System.Collections.IEnumerator,intptr) (at C:/build/output/unity/unity/Runtime/Export/Scripting/Coroutines.cs:17)

(Filename: C:/build/output/unity/unity/Runtime/Export/Debug/Debug.bindings.cs Line: 123)

Curl error 28: Operation timed out after 1000 milliseconds with 0 bytes received
Curl error 28: Operation timed out after 1001 milliseconds with 0 bytes received
AI request residentId=resident-004 operation=resident-decision
UnityEngine.Debug:ExtractStackTraceNoAlloc (byte*,int,string)
UnityEngine.StackTraceUtility:ExtractStackTrace () (at C:/build/output/unity/unity/Runtime/Export/Scripting/StackTrace.cs:35)
UnityEngine.DebugLogHandler:Internal_Log (UnityEngine.LogType,UnityEngine.LogOption,string,UnityEngine.Object)
UnityEngine.DebugLogHandler:LogFormat (UnityEngine.LogType,UnityEngine.Object,string,object[]) (at C:/build/output/unity/unity/Runtime/Export/Logging/DebugLogHandler.cs:9)
UnityEngine.Logger:Log (UnityEngine.LogType,object) (at C:/build/output/unity/unity/Runtime/Export/Logging/Logger.cs:60)
UnityEngine.Debug:Log (object) (at C:/build/output/unity/unity/Runtime/Export/Debug/Debug.bindings.cs:123)
AIFarm.Presentation.RemoteAiGatewayClient:LogRequest (AIFarm.Npc.ResidentId,string) (at C:/学习/研究生/Elys AI/面试模拟题/AIFarm/My project/Assets/AIFarm/Presentation/RemoteAiGatewayClient.cs:618)
AIFarm.Presentation.RemoteAiGatewayClient/<DecideResident>d__23:MoveNext () (at C:/学习/研究生/Elys AI/面试模拟题/AIFarm/My project/Assets/AIFarm/Presentation/RemoteAiGatewayClient.cs:391)
AIFarm.Ai.AiRequestCoordinator/<Coordinate>d__39`1<AIFarm.Ai.ResidentDecisionSpec>:MoveNext () (at C:/学习/研究生/Elys AI/面试模拟题/AIFarm/My project/Assets/AIFarm/Ai/AiRequestCoordinator.cs:441)
UnityEngine.SetupCoroutine:InvokeMoveNext (System.Collections.IEnumerator,intptr) (at C:/build/output/unity/unity/Runtime/Export/Scripting/Coroutines.cs:17)

(Filename: C:/build/output/unity/unity/Runtime/Export/Debug/Debug.bindings.cs Line: 123)

AI response residentId=resident-001 source=Local succeeded=True
UnityEngine.Debug:ExtractStackTraceNoAlloc (byte*,int,string)
UnityEngine.StackTraceUtility:ExtractStackTrace () (at C:/build/output/unity/unity/Runtime/Export/Scripting/StackTrace.cs:35)
UnityEngine.DebugLogHandler:Internal_Log (UnityEngine.LogType,UnityEngine.LogOption,string,UnityEngine.Object)
UnityEngine.DebugLogHandler:LogFormat (UnityEngine.LogType,UnityEngine.Object,string,object[]) (at C:/build/output/unity/unity/Runtime/Export/Logging/DebugLogHandler.cs:9)
UnityEngine.Logger:Log (UnityEngine.LogType,object) (at C:/build/output/unity/unity/Runtime/Export/Logging/Logger.cs:60)
UnityEngine.Debug:Log (object) (at C:/build/output/unity/unity/Runtime/Export/Debug/Debug.bindings.cs:123)
AIFarm.Presentation.RemoteAiGatewayClient:LogResponse (AIFarm.Npc.ResidentId,AIFarm.Ai.AiGatewayMode,bool) (at C:/学习/研究生/Elys AI/面试模拟题/AIFarm/My project/Assets/AIFarm/Presentation/RemoteAiGatewayClient.cs:627)
AIFarm.Presentation.RemoteAiGatewayClient:CompleteLocal<AIFarm.Ai.ResidentDecisionSpec> (AIFarm.Npc.ResidentId,AIFarm.Ai.AiGatewayResult`1<AIFarm.Ai.ResidentDecisionSpec>,System.Action`1<AIFarm.Ai.AiGatewayResult`1<AIFarm.Ai.ResidentDecisionSpec>>) (at C:/学习/研究生/Elys AI/面试模拟题/AIFarm/My project/Assets/AIFarm/Presentation/RemoteAiGatewayClient.cs:539)
AIFarm.Presentation.RemoteAiGatewayClient/<DecideResident>d__23:MoveNext () (at C:/学习/研究生/Elys AI/面试模拟题/AIFarm/My project/Assets/AIFarm/Presentation/RemoteAiGatewayClient.cs:435)
AIFarm.Ai.AiRequestCoordinator/<Coordinate>d__39`1<AIFarm.Ai.ResidentDecisionSpec>:MoveNext () (at C:/学习/研究生/Elys AI/面试模拟题/AIFarm/My project/Assets/AIFarm/Ai/AiRequestCoordinator.cs:441)
UnityEngine.SetupCoroutine:InvokeMoveNext (System.Collections.IEnumerator,intptr) (at C:/build/output/unity/unity/Runtime/Export/Scripting/Coroutines.cs:17)

(Filename: C:/build/output/unity/unity/Runtime/Export/Debug/Debug.bindings.cs Line: 123)

Curl error 28: Operation timed out after 1000 milliseconds with 0 bytes received
Curl error 28: Operation timed out after 1001 milliseconds with 0 bytes received
Curl error 42: Callback aborted
AI request residentId=resident-004 operation=resident-decision
UnityEngine.Debug:ExtractStackTraceNoAlloc (byte*,int,string)
UnityEngine.StackTraceUtility:ExtractStackTrace () (at C:/build/output/unity/unity/Runtime/Export/Scripting/StackTrace.cs:35)
UnityEngine.DebugLogHandler:Internal_Log (UnityEngine.LogType,UnityEngine.LogOption,string,UnityEngine.Object)
UnityEngine.DebugLogHandler:LogFormat (UnityEngine.LogType,UnityEngine.Object,string,object[]) (at C:/build/output/unity/unity/Runtime/Export/Logging/DebugLogHandler.cs:9)
UnityEngine.Logger:Log (UnityEngine.LogType,object) (at C:/build/output/unity/unity/Runtime/Export/Logging/Logger.cs:60)
UnityEngine.Debug:Log (object) (at C:/build/output/unity/unity/Runtime/Export/Debug/Debug.bindings.cs:123)
AIFarm.Presentation.RemoteAiGatewayClient:LogRequest (AIFarm.Npc.ResidentId,string) (at C:/学习/研究生/Elys AI/面试模拟题/AIFarm/My project/Assets/AIFarm/Presentation/RemoteAiGatewayClient.cs:618)
AIFarm.Presentation.RemoteAiGatewayClient/<DecideResident>d__23:MoveNext () (at C:/学习/研究生/Elys AI/面试模拟题/AIFarm/My project/Assets/AIFarm/Presentation/RemoteAiGatewayClient.cs:391)
AIFarm.Ai.AiRequestCoordinator/<Coordinate>d__39`1<AIFarm.Ai.ResidentDecisionSpec>:MoveNext () (at C:/学习/研究生/Elys AI/面试模拟题/AIFarm/My project/Assets/AIFarm/Ai/AiRequestCoordinator.cs:441)
UnityEngine.SetupCoroutine:InvokeMoveNext (System.Collections.IEnumerator,intptr) (at C:/build/output/unity/unity/Runtime/Export/Scripting/Coroutines.cs:17)

(Filename: C:/build/output/unity/unity/Runtime/Export/Debug/Debug.bindings.cs Line: 123)

AI response residentId=resident-004 source=Local succeeded=True
UnityEngine.Debug:ExtractStackTraceNoAlloc (byte*,int,string)
UnityEngine.StackTraceUtility:ExtractStackTrace () (at C:/build/output/unity/unity/Runtime/Export/Scripting/StackTrace.cs:35)
UnityEngine.DebugLogHandler:Internal_Log (UnityEngine.LogType,UnityEngine.LogOption,string,UnityEngine.Object)
UnityEngine.DebugLogHandler:LogFormat (UnityEngine.LogType,UnityEngine.Object,string,object[]) (at C:/build/output/unity/unity/Runtime/Export/Logging/DebugLogHandler.cs:9)
UnityEngine.Logger:Log (UnityEngine.LogType,object) (at C:/build/output/unity/unity/Runtime/Export/Logging/Logger.cs:60)
UnityEngine.Debug:Log (object) (at C:/build/output/unity/unity/Runtime/Export/Debug/Debug.bindings.cs:123)
AIFarm.Presentation.RemoteAiGatewayClient:LogResponse (AIFarm.Npc.ResidentId,AIFarm.Ai.AiGatewayMode,bool) (at C:/学习/研究生/Elys AI/面试模拟题/AIFarm/My project/Assets/AIFarm/Presentation/RemoteAiGatewayClient.cs:627)
AIFarm.Presentation.RemoteAiGatewayClient:CompleteRemote<AIFarm.Ai.ResidentDecisionSpec> (AIFarm.Ai.AiGatewayResult`1<AIFarm.Ai.ResidentDecisionSpec>,System.Action`1<AIFarm.Ai.AiGatewayResult`1<AIFarm.Ai.ResidentDecisionSpec>>) (at C:/学习/研究生/Elys AI/面试模拟题/AIFarm/My project/Assets/AIFarm/Presentation/RemoteAiGatewayClient.cs:506)
AIFarm.Presentation.RemoteAiGatewayClient/<DecideResident>d__23:MoveNext () (at C:/学习/研究生/Elys AI/面试模拟题/AIFarm/My project/Assets/AIFarm/Presentation/RemoteAiGatewayClient.cs:410)
AIFarm.Ai.AiRequestCoordinator/<Coordinate>d__39`1<AIFarm.Ai.ResidentDecisionSpec>:MoveNext () (at C:/学习/研究生/Elys AI/面试模拟题/AIFarm/My project/Assets/AIFarm/Ai/AiRequestCoordinator.cs:441)
UnityEngine.SetupCoroutine:InvokeMoveNext (System.Collections.IEnumerator,intptr) (at C:/build/output/unity/unity/Runtime/Export/Scripting/Coroutines.cs:17)

(Filename: C:/build/output/unity/unity/Runtime/Export/Debug/Debug.bindings.cs Line: 123)

AI request residentId=resident-003 operation=resident-decision
UnityEngine.Debug:ExtractStackTraceNoAlloc (byte*,int,string)
UnityEngine.StackTraceUtility:ExtractStackTrace () (at C:/build/output/unity/unity/Runtime/Export/Scripting/StackTrace.cs:35)
UnityEngine.DebugLogHandler:Internal_Log (UnityEngine.LogType,UnityEngine.LogOption,string,UnityEngine.Object)
UnityEngine.DebugLogHandler:LogFormat (UnityEngine.LogType,UnityEngine.Object,string,object[]) (at C:/build/output/unity/unity/Runtime/Export/Logging/DebugLogHandler.cs:9)
UnityEngine.Logger:Log (UnityEngine.LogType,object) (at C:/build/output/unity/unity/Runtime/Export/Logging/Logger.cs:60)
UnityEngine.Debug:Log (object) (at C:/build/output/unity/unity/Runtime/Export/Debug/Debug.bindings.cs:123)
AIFarm.Presentation.RemoteAiGatewayClient:LogRequest (AIFarm.Npc.ResidentId,string) (at C:/学习/研究生/Elys AI/面试模拟题/AIFarm/My project/Assets/AIFarm/Presentation/RemoteAiGatewayClient.cs:618)
AIFarm.Presentation.RemoteAiGatewayClient/<DecideResident>d__23:MoveNext () (at C:/学习/研究生/Elys AI/面试模拟题/AIFarm/My project/Assets/AIFarm/Presentation/RemoteAiGatewayClient.cs:391)
AIFarm.Ai.AiRequestCoordinator/<Coordinate>d__39`1<AIFarm.Ai.ResidentDecisionSpec>:MoveNext () (at C:/学习/研究生/Elys AI/面试模拟题/AIFarm/My project/Assets/AIFarm/Ai/AiRequestCoordinator.cs:441)
UnityEngine.SetupCoroutine:InvokeMoveNext (System.Collections.IEnumerator,intptr) (at C:/build/output/unity/unity/Runtime/Export/Scripting/Coroutines.cs:17)

(Filename: C:/build/output/unity/unity/Runtime/Export/Debug/Debug.bindings.cs Line: 123)

AI response residentId=resident-003 source=Local succeeded=True
UnityEngine.Debug:ExtractStackTraceNoAlloc (byte*,int,string)
UnityEngine.StackTraceUtility:ExtractStackTrace () (at C:/build/output/unity/unity/Runtime/Export/Scripting/StackTrace.cs:35)
UnityEngine.DebugLogHandler:Internal_Log (UnityEngine.LogType,UnityEngine.LogOption,string,UnityEngine.Object)
UnityEngine.DebugLogHandler:LogFormat (UnityEngine.LogType,UnityEngine.Object,string,object[]) (at C:/build/output/unity/unity/Runtime/Export/Logging/DebugLogHandler.cs:9)
UnityEngine.Logger:Log (UnityEngine.LogType,object) (at C:/build/output/unity/unity/Runtime/Export/Logging/Logger.cs:60)
UnityEngine.Debug:Log (object) (at C:/build/output/unity/unity/Runtime/Export/Debug/Debug.bindings.cs:123)
AIFarm.Presentation.RemoteAiGatewayClient:LogResponse (AIFarm.Npc.ResidentId,AIFarm.Ai.AiGatewayMode,bool) (at C:/学习/研究生/Elys AI/面试模拟题/AIFarm/My project/Assets/AIFarm/Presentation/RemoteAiGatewayClient.cs:627)
AIFarm.Presentation.RemoteAiGatewayClient:CompleteRemote<AIFarm.Ai.ResidentDecisionSpec> (AIFarm.Ai.AiGatewayResult`1<AIFarm.Ai.ResidentDecisionSpec>,System.Action`1<AIFarm.Ai.AiGatewayResult`1<AIFarm.Ai.ResidentDecisionSpec>>) (at C:/学习/研究生/Elys AI/面试模拟题/AIFarm/My project/Assets/AIFarm/Presentation/RemoteAiGatewayClient.cs:506)
AIFarm.Presentation.RemoteAiGatewayClient/<DecideResident>d__23:MoveNext () (at C:/学习/研究生/Elys AI/面试模拟题/AIFarm/My project/Assets/AIFarm/Presentation/RemoteAiGatewayClient.cs:410)
AIFarm.Ai.AiRequestCoordinator/<Coordinate>d__39`1<AIFarm.Ai.ResidentDecisionSpec>:MoveNext () (at C:/学习/研究生/Elys AI/面试模拟题/AIFarm/My project/Assets/AIFarm/Ai/AiRequestCoordinator.cs:441)
UnityEngine.SetupCoroutine:InvokeMoveNext (System.Collections.IEnumerator,intptr) (at C:/build/output/unity/unity/Runtime/Export/Scripting/Coroutines.cs:17)

(Filename: C:/build/output/unity/unity/Runtime/Export/Debug/Debug.bindings.cs Line: 123)

AI request residentId=resident-002 operation=resident-decision
UnityEngine.Debug:ExtractStackTraceNoAlloc (byte*,int,string)
UnityEngine.StackTraceUtility:ExtractStackTrace () (at C:/build/output/unity/unity/Runtime/Export/Scripting/StackTrace.cs:35)
UnityEngine.DebugLogHandler:Internal_Log (UnityEngine.LogType,UnityEngine.LogOption,string,UnityEngine.Object)
UnityEngine.DebugLogHandler:LogFormat (UnityEngine.LogType,UnityEngine.Object,string,object[]) (at C:/build/output/unity/unity/Runtime/Export/Logging/DebugLogHandler.cs:9)
UnityEngine.Logger:Log (UnityEngine.LogType,object) (at C:/build/output/unity/unity/Runtime/Export/Logging/Logger.cs:60)
UnityEngine.Debug:Log (object) (at C:/build/output/unity/unity/Runtime/Export/Debug/Debug.bindings.cs:123)
AIFarm.Presentation.RemoteAiGatewayClient:LogRequest (AIFarm.Npc.ResidentId,string) (at C:/学习/研究生/Elys AI/面试模拟题/AIFarm/My project/Assets/AIFarm/Presentation/RemoteAiGatewayClient.cs:618)
AIFarm.Presentation.RemoteAiGatewayClient/<DecideResident>d__23:MoveNext () (at C:/学习/研究生/Elys AI/面试模拟题/AIFarm/My project/Assets/AIFarm/Presentation/RemoteAiGatewayClient.cs:391)
AIFarm.Ai.AiRequestCoordinator/<Coordinate>d__39`1<AIFarm.Ai.ResidentDecisionSpec>:MoveNext () (at C:/学习/研究生/Elys AI/面试模拟题/AIFarm/My project/Assets/AIFarm/Ai/AiRequestCoordinator.cs:441)
UnityEngine.SetupCoroutine:InvokeMoveNext (System.Collections.IEnumerator,intptr) (at C:/build/output/unity/unity/Runtime/Export/Scripting/Coroutines.cs:17)

(Filename: C:/build/output/unity/unity/Runtime/Export/Debug/Debug.bindings.cs Line: 123)

AI response residentId=resident-002 source=Local succeeded=True
UnityEngine.Debug:ExtractStackTraceNoAlloc (byte*,int,string)
UnityEngine.StackTraceUtility:ExtractStackTrace () (at C:/build/output/unity/unity/Runtime/Export/Scripting/StackTrace.cs:35)
UnityEngine.DebugLogHandler:Internal_Log (UnityEngine.LogType,UnityEngine.LogOption,string,UnityEngine.Object)
UnityEngine.DebugLogHandler:LogFormat (UnityEngine.LogType,UnityEngine.Object,string,object[]) (at C:/build/output/unity/unity/Runtime/Export/Logging/DebugLogHandler.cs:9)
UnityEngine.Logger:Log (UnityEngine.LogType,object) (at C:/build/output/unity/unity/Runtime/Export/Logging/Logger.cs:60)
UnityEngine.Debug:Log (object) (at C:/build/output/unity/unity/Runtime/Export/Debug/Debug.bindings.cs:123)
AIFarm.Presentation.RemoteAiGatewayClient:LogResponse (AIFarm.Npc.ResidentId,AIFarm.Ai.AiGatewayMode,bool) (at C:/学习/研究生/Elys AI/面试模拟题/AIFarm/My project/Assets/AIFarm/Presentation/RemoteAiGatewayClient.cs:627)
AIFarm.Presentation.RemoteAiGatewayClient:CompleteRemote<AIFarm.Ai.ResidentDecisionSpec> (AIFarm.Ai.AiGatewayResult`1<AIFarm.Ai.ResidentDecisionSpec>,System.Action`1<AIFarm.Ai.AiGatewayResult`1<AIFarm.Ai.ResidentDecisionSpec>>) (at C:/学习/研究生/Elys AI/面试模拟题/AIFarm/My project/Assets/AIFarm/Presentation/RemoteAiGatewayClient.cs:506)
AIFarm.Presentation.RemoteAiGatewayClient/<DecideResident>d__23:MoveNext () (at C:/学习/研究生/Elys AI/面试模拟题/AIFarm/My project/Assets/AIFarm/Presentation/RemoteAiGatewayClient.cs:410)
AIFarm.Ai.AiRequestCoordinator/<Coordinate>d__39`1<AIFarm.Ai.ResidentDecisionSpec>:MoveNext () (at C:/学习/研究生/Elys AI/面试模拟题/AIFarm/My project/Assets/AIFarm/Ai/AiRequestCoordinator.cs:441)
UnityEngine.SetupCoroutine:InvokeMoveNext (System.Collections.IEnumerator,intptr) (at C:/build/output/unity/unity/Runtime/Export/Scripting/Coroutines.cs:17)

(Filename: C:/build/output/unity/unity/Runtime/Export/Debug/Debug.bindings.cs Line: 123)

AI request residentId=resident-001 operation=resident-decision
UnityEngine.Debug:ExtractStackTraceNoAlloc (byte*,int,string)
UnityEngine.StackTraceUtility:ExtractStackTrace () (at C:/build/output/unity/unity/Runtime/Export/Scripting/StackTrace.cs:35)
UnityEngine.DebugLogHandler:Internal_Log (UnityEngine.LogType,UnityEngine.LogOption,string,UnityEngine.Object)
UnityEngine.DebugLogHandler:LogFormat (UnityEngine.LogType,UnityEngine.Object,string,object[]) (at C:/build/output/unity/unity/Runtime/Export/Logging/DebugLogHandler.cs:9)
UnityEngine.Logger:Log (UnityEngine.LogType,object) (at C:/build/output/unity/unity/Runtime/Export/Logging/Logger.cs:60)
UnityEngine.Debug:Log (object) (at C:/build/output/unity/unity/Runtime/Export/Debug/Debug.bindings.cs:123)
AIFarm.Presentation.RemoteAiGatewayClient:LogRequest (AIFarm.Npc.ResidentId,string) (at C:/学习/研究生/Elys AI/面试模拟题/AIFarm/My project/Assets/AIFarm/Presentation/RemoteAiGatewayClient.cs:618)
AIFarm.Presentation.RemoteAiGatewayClient/<DecideResident>d__23:MoveNext () (at C:/学习/研究生/Elys AI/面试模拟题/AIFarm/My project/Assets/AIFarm/Presentation/RemoteAiGatewayClient.cs:391)
AIFarm.Ai.AiRequestCoordinator/<Coordinate>d__39`1<AIFarm.Ai.ResidentDecisionSpec>:MoveNext () (at C:/学习/研究生/Elys AI/面试模拟题/AIFarm/My project/Assets/AIFarm/Ai/AiRequestCoordinator.cs:441)
UnityEngine.SetupCoroutine:InvokeMoveNext (System.Collections.IEnumerator,intptr) (at C:/build/output/unity/unity/Runtime/Export/Scripting/Coroutines.cs:17)

(Filename: C:/build/output/unity/unity/Runtime/Export/Debug/Debug.bindings.cs Line: 123)

AI response residentId=resident-001 source=Local succeeded=True
UnityEngine.Debug:ExtractStackTraceNoAlloc (byte*,int,string)
UnityEngine.StackTraceUtility:ExtractStackTrace () (at C:/build/output/unity/unity/Runtime/Export/Scripting/StackTrace.cs:35)
UnityEngine.DebugLogHandler:Internal_Log (UnityEngine.LogType,UnityEngine.LogOption,string,UnityEngine.Object)
UnityEngine.DebugLogHandler:LogFormat (UnityEngine.LogType,UnityEngine.Object,string,object[]) (at C:/build/output/unity/unity/Runtime/Export/Logging/DebugLogHandler.cs:9)
UnityEngine.Logger:Log (UnityEngine.LogType,object) (at C:/build/output/unity/unity/Runtime/Export/Logging/Logger.cs:60)
UnityEngine.Debug:Log (object) (at C:/build/output/unity/unity/Runtime/Export/Debug/Debug.bindings.cs:123)
AIFarm.Presentation.RemoteAiGatewayClient:LogResponse (AIFarm.Npc.ResidentId,AIFarm.Ai.AiGatewayMode,bool) (at C:/学习/研究生/Elys AI/面试模拟题/AIFarm/My project/Assets/AIFarm/Presentation/RemoteAiGatewayClient.cs:627)
AIFarm.Presentation.RemoteAiGatewayClient:CompleteRemote<AIFarm.Ai.ResidentDecisionSpec> (AIFarm.Ai.AiGatewayResult`1<AIFarm.Ai.ResidentDecisionSpec>,System.Action`1<AIFarm.Ai.AiGatewayResult`1<AIFarm.Ai.ResidentDecisionSpec>>) (at C:/学习/研究生/Elys AI/面试模拟题/AIFarm/My project/Assets/AIFarm/Presentation/RemoteAiGatewayClient.cs:506)
AIFarm.Presentation.RemoteAiGatewayClient/<DecideResident>d__23:MoveNext () (at C:/学习/研究生/Elys AI/面试模拟题/AIFarm/My project/Assets/AIFarm/Presentation/RemoteAiGatewayClient.cs:410)
AIFarm.Ai.AiRequestCoordinator/<Coordinate>d__39`1<AIFarm.Ai.ResidentDecisionSpec>:MoveNext () (at C:/学习/研究生/Elys AI/面试模拟题/AIFarm/My project/Assets/AIFarm/Ai/AiRequestCoordinator.cs:441)
UnityEngine.SetupCoroutine:InvokeMoveNext (System.Collections.IEnumerator,intptr) (at C:/build/output/unity/unity/Runtime/Export/Scripting/Coroutines.cs:17)

(Filename: C:/build/output/unity/unity/Runtime/Export/Debug/Debug.bindings.cs Line: 123)

AI request residentId=resident-004 operation=resident-decision
UnityEngine.Debug:ExtractStackTraceNoAlloc (byte*,int,string)
UnityEngine.StackTraceUtility:ExtractStackTrace () (at C:/build/output/unity/unity/Runtime/Export/Scripting/StackTrace.cs:35)
UnityEngine.DebugLogHandler:Internal_Log (UnityEngine.LogType,UnityEngine.LogOption,string,UnityEngine.Object)
UnityEngine.DebugLogHandler:LogFormat (UnityEngine.LogType,UnityEngine.Object,string,object[]) (at C:/build/output/unity/unity/Runtime/Export/Logging/DebugLogHandler.cs:9)
UnityEngine.Logger:Log (UnityEngine.LogType,object) (at C:/build/output/unity/unity/Runtime/Export/Logging/Logger.cs:60)
UnityEngine.Debug:Log (object) (at C:/build/output/unity/unity/Runtime/Export/Debug/Debug.bindings.cs:123)
AIFarm.Presentation.RemoteAiGatewayClient:LogRequest (AIFarm.Npc.ResidentId,string) (at C:/学习/研究生/Elys AI/面试模拟题/AIFarm/My project/Assets/AIFarm/Presentation/RemoteAiGatewayClient.cs:618)
AIFarm.Presentation.RemoteAiGatewayClient/<DecideResident>d__23:MoveNext () (at C:/学习/研究生/Elys AI/面试模拟题/AIFarm/My project/Assets/AIFarm/Presentation/RemoteAiGatewayClient.cs:391)
AIFarm.Ai.AiRequestCoordinator/<Coordinate>d__39`1<AIFarm.Ai.ResidentDecisionSpec>:MoveNext () (at C:/学习/研究生/Elys AI/面试模拟题/AIFarm/My project/Assets/AIFarm/Ai/AiRequestCoordinator.cs:441)
UnityEngine.SetupCoroutine:InvokeMoveNext (System.Collections.IEnumerator,intptr) (at C:/build/output/unity/unity/Runtime/Export/Scripting/Coroutines.cs:17)

(Filename: C:/build/output/unity/unity/Runtime/Export/Debug/Debug.bindings.cs Line: 123)

AI response residentId=resident-004 source=Local succeeded=True
UnityEngine.Debug:ExtractStackTraceNoAlloc (byte*,int,string)
UnityEngine.StackTraceUtility:ExtractStackTrace () (at C:/build/output/unity/unity/Runtime/Export/Scripting/StackTrace.cs:35)
UnityEngine.DebugLogHandler:Internal_Log (UnityEngine.LogType,UnityEngine.LogOption,string,UnityEngine.Object)
UnityEngine.DebugLogHandler:LogFormat (UnityEngine.LogType,UnityEngine.Object,string,object[]) (at C:/build/output/unity/unity/Runtime/Export/Logging/DebugLogHandler.cs:9)
UnityEngine.Logger:Log (UnityEngine.LogType,object) (at C:/build/output/unity/unity/Runtime/Export/Logging/Logger.cs:60)
UnityEngine.Debug:Log (object) (at C:/build/output/unity/unity/Runtime/Export/Debug/Debug.bindings.cs:123)
AIFarm.Presentation.RemoteAiGatewayClient:LogResponse (AIFarm.Npc.ResidentId,AIFarm.Ai.AiGatewayMode,bool) (at C:/学习/研究生/Elys AI/面试模拟题/AIFarm/My project/Assets/AIFarm/Presentation/RemoteAiGatewayClient.cs:627)
AIFarm.Presentation.RemoteAiGatewayClient:CompleteRemote<AIFarm.Ai.ResidentDecisionSpec> (AIFarm.Ai.AiGatewayResult`1<AIFarm.Ai.ResidentDecisionSpec>,System.Action`1<AIFarm.Ai.AiGatewayResult`1<AIFarm.Ai.ResidentDecisionSpec>>) (at C:/学习/研究生/Elys AI/面试模拟题/AIFarm/My project/Assets/AIFarm/Presentation/RemoteAiGatewayClient.cs:506)
AIFarm.Presentation.RemoteAiGatewayClient/<DecideResident>d__23:MoveNext () (at C:/学习/研究生/Elys AI/面试模拟题/AIFarm/My project/Assets/AIFarm/Presentation/RemoteAiGatewayClient.cs:410)
AIFarm.Ai.AiRequestCoordinator/<Coordinate>d__39`1<AIFarm.Ai.ResidentDecisionSpec>:MoveNext () (at C:/学习/研究生/Elys AI/面试模拟题/AIFarm/My project/Assets/AIFarm/Ai/AiRequestCoordinator.cs:441)
UnityEngine.SetupCoroutine:InvokeMoveNext (System.Collections.IEnumerator,intptr) (at C:/build/output/unity/unity/Runtime/Export/Scripting/Coroutines.cs:17)

(Filename: C:/build/output/unity/unity/Runtime/Export/Debug/Debug.bindings.cs Line: 123)

AI request residentId=resident-001 operation=resident-decision
UnityEngine.Debug:ExtractStackTraceNoAlloc (byte*,int,string)
UnityEngine.StackTraceUtility:ExtractStackTrace () (at C:/build/output/unity/unity/Runtime/Export/Scripting/StackTrace.cs:35)
UnityEngine.DebugLogHandler:Internal_Log (UnityEngine.LogType,UnityEngine.LogOption,string,UnityEngine.Object)
UnityEngine.DebugLogHandler:LogFormat (UnityEngine.LogType,UnityEngine.Object,string,object[]) (at C:/build/output/unity/unity/Runtime/Export/Logging/DebugLogHandler.cs:9)
UnityEngine.Logger:Log (UnityEngine.LogType,object) (at C:/build/output/unity/unity/Runtime/Export/Logging/Logger.cs:60)
UnityEngine.Debug:Log (object) (at C:/build/output/unity/unity/Runtime/Export/Debug/Debug.bindings.cs:123)
AIFarm.Presentation.RemoteAiGatewayClient:LogRequest (AIFarm.Npc.ResidentId,string) (at C:/学习/研究生/Elys AI/面试模拟题/AIFarm/My project/Assets/AIFarm/Presentation/RemoteAiGatewayClient.cs:618)
AIFarm.Presentation.RemoteAiGatewayClient/<DecideResident>d__23:MoveNext () (at C:/学习/研究生/Elys AI/面试模拟题/AIFarm/My project/Assets/AIFarm/Presentation/RemoteAiGatewayClient.cs:391)
AIFarm.Ai.AiRequestCoordinator/<Coordinate>d__39`1<AIFarm.Ai.ResidentDecisionSpec>:MoveNext () (at C:/学习/研究生/Elys AI/面试模拟题/AIFarm/My project/Assets/AIFarm/Ai/AiRequestCoordinator.cs:441)
UnityEngine.SetupCoroutine:InvokeMoveNext (System.Collections.IEnumerator,intptr) (at C:/build/output/unity/unity/Runtime/Export/Scripting/Coroutines.cs:17)

(Filename: C:/build/output/unity/unity/Runtime/Export/Debug/Debug.bindings.cs Line: 123)

AI response residentId=resident-001 source=Local succeeded=True
UnityEngine.Debug:ExtractStackTraceNoAlloc (byte*,int,string)
UnityEngine.StackTraceUtility:ExtractStackTrace () (at C:/build/output/unity/unity/Runtime/Export/Scripting/StackTrace.cs:35)
UnityEngine.DebugLogHandler:Internal_Log (UnityEngine.LogType,UnityEngine.LogOption,string,UnityEngine.Object)
UnityEngine.DebugLogHandler:LogFormat (UnityEngine.LogType,UnityEngine.Object,string,object[]) (at C:/build/output/unity/unity/Runtime/Export/Logging/DebugLogHandler.cs:9)
UnityEngine.Logger:Log (UnityEngine.LogType,object) (at C:/build/output/unity/unity/Runtime/Export/Logging/Logger.cs:60)
UnityEngine.Debug:Log (object) (at C:/build/output/unity/unity/Runtime/Export/Debug/Debug.bindings.cs:123)
AIFarm.Presentation.RemoteAiGatewayClient:LogResponse (AIFarm.Npc.ResidentId,AIFarm.Ai.AiGatewayMode,bool) (at C:/学习/研究生/Elys AI/面试模拟题/AIFarm/My project/Assets/AIFarm/Presentation/RemoteAiGatewayClient.cs:627)
AIFarm.Presentation.RemoteAiGatewayClient:CompleteRemote<AIFarm.Ai.ResidentDecisionSpec> (AIFarm.Ai.AiGatewayResult`1<AIFarm.Ai.ResidentDecisionSpec>,System.Action`1<AIFarm.Ai.AiGatewayResult`1<AIFarm.Ai.ResidentDecisionSpec>>) (at C:/学习/研究生/Elys AI/面试模拟题/AIFarm/My project/Assets/AIFarm/Presentation/RemoteAiGatewayClient.cs:506)
AIFarm.Presentation.RemoteAiGatewayClient/<DecideResident>d__23:MoveNext () (at C:/学习/研究生/Elys AI/面试模拟题/AIFarm/My project/Assets/AIFarm/Presentation/RemoteAiGatewayClient.cs:410)
AIFarm.Ai.AiRequestCoordinator/<Coordinate>d__39`1<AIFarm.Ai.ResidentDecisionSpec>:MoveNext () (at C:/学习/研究生/Elys AI/面试模拟题/AIFarm/My project/Assets/AIFarm/Ai/AiRequestCoordinator.cs:441)
UnityEngine.SetupCoroutine:InvokeMoveNext (System.Collections.IEnumerator,intptr) (at C:/build/output/unity/unity/Runtime/Export/Scripting/Coroutines.cs:17)

(Filename: C:/build/output/unity/unity/Runtime/Export/Debug/Debug.bindings.cs Line: 123)

AI request residentId=resident-002 operation=resident-decision
UnityEngine.Debug:ExtractStackTraceNoAlloc (byte*,int,string)
UnityEngine.StackTraceUtility:ExtractStackTrace () (at C:/build/output/unity/unity/Runtime/Export/Scripting/StackTrace.cs:35)
UnityEngine.DebugLogHandler:Internal_Log (UnityEngine.LogType,UnityEngine.LogOption,string,UnityEngine.Object)
UnityEngine.DebugLogHandler:LogFormat (UnityEngine.LogType,UnityEngine.Object,string,object[]) (at C:/build/output/unity/unity/Runtime/Export/Logging/DebugLogHandler.cs:9)
UnityEngine.Logger:Log (UnityEngine.LogType,object) (at C:/build/output/unity/unity/Runtime/Export/Logging/Logger.cs:60)
UnityEngine.Debug:Log (object) (at C:/build/output/unity/unity/Runtime/Export/Debug/Debug.bindings.cs:123)
AIFarm.Presentation.RemoteAiGatewayClient:LogRequest (AIFarm.Npc.ResidentId,string) (at C:/学习/研究生/Elys AI/面试模拟题/AIFarm/My project/Assets/AIFarm/Presentation/RemoteAiGatewayClient.cs:618)
AIFarm.Presentation.RemoteAiGatewayClient/<DecideResident>d__23:MoveNext () (at C:/学习/研究生/Elys AI/面试模拟题/AIFarm/My project/Assets/AIFarm/Presentation/RemoteAiGatewayClient.cs:391)
AIFarm.Ai.AiRequestCoordinator/<Coordinate>d__39`1<AIFarm.Ai.ResidentDecisionSpec>:MoveNext () (at C:/学习/研究生/Elys AI/面试模拟题/AIFarm/My project/Assets/AIFarm/Ai/AiRequestCoordinator.cs:441)
UnityEngine.SetupCoroutine:InvokeMoveNext (System.Collections.IEnumerator,intptr) (at C:/build/output/unity/unity/Runtime/Export/Scripting/Coroutines.cs:17)

(Filename: C:/build/output/unity/unity/Runtime/Export/Debug/Debug.bindings.cs Line: 123)

AI request residentId=resident-003 operation=resident-decision
UnityEngine.Debug:ExtractStackTraceNoAlloc (byte*,int,string)
UnityEngine.StackTraceUtility:ExtractStackTrace () (at C:/build/output/unity/unity/Runtime/Export/Scripting/StackTrace.cs:35)
UnityEngine.DebugLogHandler:Internal_Log (UnityEngine.LogType,UnityEngine.LogOption,string,UnityEngine.Object)
UnityEngine.DebugLogHandler:LogFormat (UnityEngine.LogType,UnityEngine.Object,string,object[]) (at C:/build/output/unity/unity/Runtime/Export/Logging/DebugLogHandler.cs:9)
UnityEngine.Logger:Log (UnityEngine.LogType,object) (at C:/build/output/unity/unity/Runtime/Export/Logging/Logger.cs:60)
UnityEngine.Debug:Log (object) (at C:/build/output/unity/unity/Runtime/Export/Debug/Debug.bindings.cs:123)
AIFarm.Presentation.RemoteAiGatewayClient:LogRequest (AIFarm.Npc.ResidentId,string) (at C:/学习/研究生/Elys AI/面试模拟题/AIFarm/My project/Assets/AIFarm/Presentation/RemoteAiGatewayClient.cs:618)
AIFarm.Presentation.RemoteAiGatewayClient/<DecideResident>d__23:MoveNext () (at C:/学习/研究生/Elys AI/面试模拟题/AIFarm/My project/Assets/AIFarm/Presentation/RemoteAiGatewayClient.cs:391)
AIFarm.Ai.AiRequestCoordinator/<Coordinate>d__39`1<AIFarm.Ai.ResidentDecisionSpec>:MoveNext () (at C:/学习/研究生/Elys AI/面试模拟题/AIFarm/My project/Assets/AIFarm/Ai/AiRequestCoordinator.cs:441)
UnityEngine.SetupCoroutine:InvokeMoveNext (System.Collections.IEnumerator,intptr) (at C:/build/output/unity/unity/Runtime/Export/Scripting/Coroutines.cs:17)

(Filename: C:/build/output/unity/unity/Runtime/Export/Debug/Debug.bindings.cs Line: 123)

AI response residentId=resident-002 source=Local succeeded=True
UnityEngine.Debug:ExtractStackTraceNoAlloc (byte*,int,string)
UnityEngine.StackTraceUtility:ExtractStackTrace () (at C:/build/output/unity/unity/Runtime/Export/Scripting/StackTrace.cs:35)
UnityEngine.DebugLogHandler:Internal_Log (UnityEngine.LogType,UnityEngine.LogOption,string,UnityEngine.Object)
UnityEngine.DebugLogHandler:LogFormat (UnityEngine.LogType,UnityEngine.Object,string,object[]) (at C:/build/output/unity/unity/Runtime/Export/Logging/DebugLogHandler.cs:9)
UnityEngine.Logger:Log (UnityEngine.LogType,object) (at C:/build/output/unity/unity/Runtime/Export/Logging/Logger.cs:60)
UnityEngine.Debug:Log (object) (at C:/build/output/unity/unity/Runtime/Export/Debug/Debug.bindings.cs:123)
AIFarm.Presentation.RemoteAiGatewayClient:LogResponse (AIFarm.Npc.ResidentId,AIFarm.Ai.AiGatewayMode,bool) (at C:/学习/研究生/Elys AI/面试模拟题/AIFarm/My project/Assets/AIFarm/Presentation/RemoteAiGatewayClient.cs:627)
AIFarm.Presentation.RemoteAiGatewayClient:CompleteRemote<AIFarm.Ai.ResidentDecisionSpec> (AIFarm.Ai.AiGatewayResult`1<AIFarm.Ai.ResidentDecisionSpec>,System.Action`1<AIFarm.Ai.AiGatewayResult`1<AIFarm.Ai.ResidentDecisionSpec>>) (at C:/学习/研究生/Elys AI/面试模拟题/AIFarm/My project/Assets/AIFarm/Presentation/RemoteAiGatewayClient.cs:506)
AIFarm.Presentation.RemoteAiGatewayClient/<DecideResident>d__23:MoveNext () (at C:/学习/研究生/Elys AI/面试模拟题/AIFarm/My project/Assets/AIFarm/Presentation/RemoteAiGatewayClient.cs:410)
AIFarm.Ai.AiRequestCoordinator/<Coordinate>d__39`1<AIFarm.Ai.ResidentDecisionSpec>:MoveNext () (at C:/学习/研究生/Elys AI/面试模拟题/AIFarm/My project/Assets/AIFarm/Ai/AiRequestCoordinator.cs:441)
UnityEngine.SetupCoroutine:InvokeMoveNext (System.Collections.IEnumerator,intptr) (at C:/build/output/unity/unity/Runtime/Export/Scripting/Coroutines.cs:17)

(Filename: C:/build/output/unity/unity/Runtime/Export/Debug/Debug.bindings.cs Line: 123)

AI response residentId=resident-003 source=Local succeeded=True
UnityEngine.Debug:ExtractStackTraceNoAlloc (byte*,int,string)
UnityEngine.StackTraceUtility:ExtractStackTrace () (at C:/build/output/unity/unity/Runtime/Export/Scripting/StackTrace.cs:35)
UnityEngine.DebugLogHandler:Internal_Log (UnityEngine.LogType,UnityEngine.LogOption,string,UnityEngine.Object)
UnityEngine.DebugLogHandler:LogFormat (UnityEngine.LogType,UnityEngine.Object,string,object[]) (at C:/build/output/unity/unity/Runtime/Export/Logging/DebugLogHandler.cs:9)
UnityEngine.Logger:Log (UnityEngine.LogType,object) (at C:/build/output/unity/unity/Runtime/Export/Logging/Logger.cs:60)
UnityEngine.Debug:Log (object) (at C:/build/output/unity/unity/Runtime/Export/Debug/Debug.bindings.cs:123)
AIFarm.Presentation.RemoteAiGatewayClient:LogResponse (AIFarm.Npc.ResidentId,AIFarm.Ai.AiGatewayMode,bool) (at C:/学习/研究生/Elys AI/面试模拟题/AIFarm/My project/Assets/AIFarm/Presentation/RemoteAiGatewayClient.cs:627)
AIFarm.Presentation.RemoteAiGatewayClient:CompleteRemote<AIFarm.Ai.ResidentDecisionSpec> (AIFarm.Ai.AiGatewayResult`1<AIFarm.Ai.ResidentDecisionSpec>,System.Action`1<AIFarm.Ai.AiGatewayResult`1<AIFarm.Ai.ResidentDecisionSpec>>) (at C:/学习/研究生/Elys AI/面试模拟题/AIFarm/My project/Assets/AIFarm/Presentation/RemoteAiGatewayClient.cs:506)
AIFarm.Presentation.RemoteAiGatewayClient/<DecideResident>d__23:MoveNext () (at C:/学习/研究生/Elys AI/面试模拟题/AIFarm/My project/Assets/AIFarm/Presentation/RemoteAiGatewayClient.cs:410)
AIFarm.Ai.AiRequestCoordinator/<Coordinate>d__39`1<AIFarm.Ai.ResidentDecisionSpec>:MoveNext () (at C:/学习/研究生/Elys AI/面试模拟题/AIFarm/My project/Assets/AIFarm/Ai/AiRequestCoordinator.cs:441)
UnityEngine.SetupCoroutine:InvokeMoveNext (System.Collections.IEnumerator,intptr) (at C:/build/output/unity/unity/Runtime/Export/Scripting/Coroutines.cs:17)

(Filename: C:/build/output/unity/unity/Runtime/Export/Debug/Debug.bindings.cs Line: 123)

AI request residentId=resident-001 operation=resident-decision
UnityEngine.Debug:ExtractStackTraceNoAlloc (byte*,int,string)
UnityEngine.StackTraceUtility:ExtractStackTrace () (at C:/build/output/unity/unity/Runtime/Export/Scripting/StackTrace.cs:35)
UnityEngine.DebugLogHandler:Internal_Log (UnityEngine.LogType,UnityEngine.LogOption,string,UnityEngine.Object)
UnityEngine.DebugLogHandler:LogFormat (UnityEngine.LogType,UnityEngine.Object,string,object[]) (at C:/build/output/unity/unity/Runtime/Export/Logging/DebugLogHandler.cs:9)
UnityEngine.Logger:Log (UnityEngine.LogType,object) (at C:/build/output/unity/unity/Runtime/Export/Logging/Logger.cs:60)
UnityEngine.Debug:Log (object) (at C:/build/output/unity/unity/Runtime/Export/Debug/Debug.bindings.cs:123)
AIFarm.Presentation.RemoteAiGatewayClient:LogRequest (AIFarm.Npc.ResidentId,string) (at C:/学习/研究生/Elys AI/面试模拟题/AIFarm/My project/Assets/AIFarm/Presentation/RemoteAiGatewayClient.cs:618)
AIFarm.Presentation.RemoteAiGatewayClient/<DecideResident>d__23:MoveNext () (at C:/学习/研究生/Elys AI/面试模拟题/AIFarm/My project/Assets/AIFarm/Presentation/RemoteAiGatewayClient.cs:391)
AIFarm.Ai.AiRequestCoordinator/<Coordinate>d__39`1<AIFarm.Ai.ResidentDecisionSpec>:MoveNext () (at C:/学习/研究生/Elys AI/面试模拟题/AIFarm/My project/Assets/AIFarm/Ai/AiRequestCoordinator.cs:441)
UnityEngine.SetupCoroutine:InvokeMoveNext (System.Collections.IEnumerator,intptr) (at C:/build/output/unity/unity/Runtime/Export/Scripting/Coroutines.cs:17)

(Filename: C:/build/output/unity/unity/Runtime/Export/Debug/Debug.bindings.cs Line: 123)

AI response residentId=resident-001 source=Local succeeded=True
UnityEngine.Debug:ExtractStackTraceNoAlloc (byte*,int,string)
UnityEngine.StackTraceUtility:ExtractStackTrace () (at C:/build/output/unity/unity/Runtime/Export/Scripting/StackTrace.cs:35)
UnityEngine.DebugLogHandler:Internal_Log (UnityEngine.LogType,UnityEngine.LogOption,string,UnityEngine.Object)
UnityEngine.DebugLogHandler:LogFormat (UnityEngine.LogType,UnityEngine.Object,string,object[]) (at C:/build/output/unity/unity/Runtime/Export/Logging/DebugLogHandler.cs:9)
UnityEngine.Logger:Log (UnityEngine.LogType,object) (at C:/build/output/unity/unity/Runtime/Export/Logging/Logger.cs:60)
UnityEngine.Debug:Log (object) (at C:/build/output/unity/unity/Runtime/Export/Debug/Debug.bindings.cs:123)
AIFarm.Presentation.RemoteAiGatewayClient:LogResponse (AIFarm.Npc.ResidentId,AIFarm.Ai.AiGatewayMode,bool) (at C:/学习/研究生/Elys AI/面试模拟题/AIFarm/My project/Assets/AIFarm/Presentation/RemoteAiGatewayClient.cs:627)
AIFarm.Presentation.RemoteAiGatewayClient:CompleteRemote<AIFarm.Ai.ResidentDecisionSpec> (AIFarm.Ai.AiGatewayResult`1<AIFarm.Ai.ResidentDecisionSpec>,System.Action`1<AIFarm.Ai.AiGatewayResult`1<AIFarm.Ai.ResidentDecisionSpec>>) (at C:/学习/研究生/Elys AI/面试模拟题/AIFarm/My project/Assets/AIFarm/Presentation/RemoteAiGatewayClient.cs:506)
AIFarm.Presentation.RemoteAiGatewayClient/<DecideResident>d__23:MoveNext () (at C:/学习/研究生/Elys AI/面试模拟题/AIFarm/My project/Assets/AIFarm/Presentation/RemoteAiGatewayClient.cs:410)
AIFarm.Ai.AiRequestCoordinator/<Coordinate>d__39`1<AIFarm.Ai.ResidentDecisionSpec>:MoveNext () (at C:/学习/研究生/Elys AI/面试模拟题/AIFarm/My project/Assets/AIFarm/Ai/AiRequestCoordinator.cs:441)
UnityEngine.SetupCoroutine:InvokeMoveNext (System.Collections.IEnumerator,intptr) (at C:/build/output/unity/unity/Runtime/Export/Scripting/Coroutines.cs:17)

(Filename: C:/build/output/unity/unity/Runtime/Export/Debug/Debug.bindings.cs Line: 123)

AI request residentId=resident-004 operation=resident-decision
UnityEngine.Debug:ExtractStackTraceNoAlloc (byte*,int,string)
UnityEngine.StackTraceUtility:ExtractStackTrace () (at C:/build/output/unity/unity/Runtime/Export/Scripting/StackTrace.cs:35)
UnityEngine.DebugLogHandler:Internal_Log (UnityEngine.LogType,UnityEngine.LogOption,string,UnityEngine.Object)
UnityEngine.DebugLogHandler:LogFormat (UnityEngine.LogType,UnityEngine.Object,string,object[]) (at C:/build/output/unity/unity/Runtime/Export/Logging/DebugLogHandler.cs:9)
UnityEngine.Logger:Log (UnityEngine.LogType,object) (at C:/build/output/unity/unity/Runtime/Export/Logging/Logger.cs:60)
UnityEngine.Debug:Log (object) (at C:/build/output/unity/unity/Runtime/Export/Debug/Debug.bindings.cs:123)
AIFarm.Presentation.RemoteAiGatewayClient:LogRequest (AIFarm.Npc.ResidentId,string) (at C:/学习/研究生/Elys AI/面试模拟题/AIFarm/My project/Assets/AIFarm/Presentation/RemoteAiGatewayClient.cs:618)
AIFarm.Presentation.RemoteAiGatewayClient/<DecideResident>d__23:MoveNext () (at C:/学习/研究生/Elys AI/面试模拟题/AIFarm/My project/Assets/AIFarm/Presentation/RemoteAiGatewayClient.cs:391)
AIFarm.Ai.AiRequestCoordinator/<Coordinate>d__39`1<AIFarm.Ai.ResidentDecisionSpec>:MoveNext () (at C:/学习/研究生/Elys AI/面试模拟题/AIFarm/My project/Assets/AIFarm/Ai/AiRequestCoordinator.cs:441)
UnityEngine.SetupCoroutine:InvokeMoveNext (System.Collections.IEnumerator,intptr) (at C:/build/output/unity/unity/Runtime/Export/Scripting/Coroutines.cs:17)

(Filename: C:/build/output/unity/unity/Runtime/Export/Debug/Debug.bindings.cs Line: 123)

AI response residentId=resident-004 source=Local succeeded=True
UnityEngine.Debug:ExtractStackTraceNoAlloc (byte*,int,string)
UnityEngine.StackTraceUtility:ExtractStackTrace () (at C:/build/output/unity/unity/Runtime/Export/Scripting/StackTrace.cs:35)
UnityEngine.DebugLogHandler:Internal_Log (UnityEngine.LogType,UnityEngine.LogOption,string,UnityEngine.Object)
UnityEngine.DebugLogHandler:LogFormat (UnityEngine.LogType,UnityEngine.Object,string,object[]) (at C:/build/output/unity/unity/Runtime/Export/Logging/DebugLogHandler.cs:9)
UnityEngine.Logger:Log (UnityEngine.LogType,object) (at C:/build/output/unity/unity/Runtime/Export/Logging/Logger.cs:60)
UnityEngine.Debug:Log (object) (at C:/build/output/unity/unity/Runtime/Export/Debug/Debug.bindings.cs:123)
AIFarm.Presentation.RemoteAiGatewayClient:LogResponse (AIFarm.Npc.ResidentId,AIFarm.Ai.AiGatewayMode,bool) (at C:/学习/研究生/Elys AI/面试模拟题/AIFarm/My project/Assets/AIFarm/Presentation/RemoteAiGatewayClient.cs:627)
AIFarm.Presentation.RemoteAiGatewayClient:CompleteRemote<AIFarm.Ai.ResidentDecisionSpec> (AIFarm.Ai.AiGatewayResult`1<AIFarm.Ai.ResidentDecisionSpec>,System.Action`1<AIFarm.Ai.AiGatewayResult`1<AIFarm.Ai.ResidentDecisionSpec>>) (at C:/学习/研究生/Elys AI/面试模拟题/AIFarm/My project/Assets/AIFarm/Presentation/RemoteAiGatewayClient.cs:506)
AIFarm.Presentation.RemoteAiGatewayClient/<DecideResident>d__23:MoveNext () (at C:/学习/研究生/Elys AI/面试模拟题/AIFarm/My project/Assets/AIFarm/Presentation/RemoteAiGatewayClient.cs:410)
AIFarm.Ai.AiRequestCoordinator/<Coordinate>d__39`1<AIFarm.Ai.ResidentDecisionSpec>:MoveNext () (at C:/学习/研究生/Elys AI/面试模拟题/AIFarm/My project/Assets/AIFarm/Ai/AiRequestCoordinator.cs:441)
UnityEngine.SetupCoroutine:InvokeMoveNext (System.Collections.IEnumerator,intptr) (at C:/build/output/unity/unity/Runtime/Export/Scripting/Coroutines.cs:17)

(Filename: C:/build/output/unity/unity/Runtime/Export/Debug/Debug.bindings.cs Line: 123)

AI request residentId=resident-002 operation=resident-decision
UnityEngine.Debug:ExtractStackTraceNoAlloc (byte*,int,string)
UnityEngine.StackTraceUtility:ExtractStackTrace () (at C:/build/output/unity/unity/Runtime/Export/Scripting/StackTrace.cs:35)
UnityEngine.DebugLogHandler:Internal_Log (UnityEngine.LogType,UnityEngine.LogOption,string,UnityEngine.Object)
UnityEngine.DebugLogHandler:LogFormat (UnityEngine.LogType,UnityEngine.Object,string,object[]) (at C:/build/output/unity/unity/Runtime/Export/Logging/DebugLogHandler.cs:9)
UnityEngine.Logger:Log (UnityEngine.LogType,object) (at C:/build/output/unity/unity/Runtime/Export/Logging/Logger.cs:60)
UnityEngine.Debug:Log (object) (at C:/build/output/unity/unity/Runtime/Export/Debug/Debug.bindings.cs:123)
AIFarm.Presentation.RemoteAiGatewayClient:LogRequest (AIFarm.Npc.ResidentId,string) (at C:/学习/研究生/Elys AI/面试模拟题/AIFarm/My project/Assets/AIFarm/Presentation/RemoteAiGatewayClient.cs:618)
AIFarm.Presentation.RemoteAiGatewayClient/<DecideResident>d__23:MoveNext () (at C:/学习/研究生/Elys AI/面试模拟题/AIFarm/My project/Assets/AIFarm/Presentation/RemoteAiGatewayClient.cs:391)
AIFarm.Ai.AiRequestCoordinator/<Coordinate>d__39`1<AIFarm.Ai.ResidentDecisionSpec>:MoveNext () (at C:/学习/研究生/Elys AI/面试模拟题/AIFarm/My project/Assets/AIFarm/Ai/AiRequestCoordinator.cs:441)
UnityEngine.SetupCoroutine:InvokeMoveNext (System.Collections.IEnumerator,intptr) (at C:/build/output/unity/unity/Runtime/Export/Scripting/Coroutines.cs:17)

(Filename: C:/build/output/unity/unity/Runtime/Export/Debug/Debug.bindings.cs Line: 123)

AI response residentId=resident-002 source=Local succeeded=True
UnityEngine.Debug:ExtractStackTraceNoAlloc (byte*,int,string)
UnityEngine.StackTraceUtility:ExtractStackTrace () (at C:/build/output/unity/unity/Runtime/Export/Scripting/StackTrace.cs:35)
UnityEngine.DebugLogHandler:Internal_Log (UnityEngine.LogType,UnityEngine.LogOption,string,UnityEngine.Object)
UnityEngine.DebugLogHandler:LogFormat (UnityEngine.LogType,UnityEngine.Object,string,object[]) (at C:/build/output/unity/unity/Runtime/Export/Logging/DebugLogHandler.cs:9)
UnityEngine.Logger:Log (UnityEngine.LogType,object) (at C:/build/output/unity/unity/Runtime/Export/Logging/Logger.cs:60)
UnityEngine.Debug:Log (object) (at C:/build/output/unity/unity/Runtime/Export/Debug/Debug.bindings.cs:123)
AIFarm.Presentation.RemoteAiGatewayClient:LogResponse (AIFarm.Npc.ResidentId,AIFarm.Ai.AiGatewayMode,bool) (at C:/学习/研究生/Elys AI/面试模拟题/AIFarm/My project/Assets/AIFarm/Presentation/RemoteAiGatewayClient.cs:627)
AIFarm.Presentation.RemoteAiGatewayClient:CompleteRemote<AIFarm.Ai.ResidentDecisionSpec> (AIFarm.Ai.AiGatewayResult`1<AIFarm.Ai.ResidentDecisionSpec>,System.Action`1<AIFarm.Ai.AiGatewayResult`1<AIFarm.Ai.ResidentDecisionSpec>>) (at C:/学习/研究生/Elys AI/面试模拟题/AIFarm/My project/Assets/AIFarm/Presentation/RemoteAiGatewayClient.cs:506)
AIFarm.Presentation.RemoteAiGatewayClient/<DecideResident>d__23:MoveNext () (at C:/学习/研究生/Elys AI/面试模拟题/AIFarm/My project/Assets/AIFarm/Presentation/RemoteAiGatewayClient.cs:410)
AIFarm.Ai.AiRequestCoordinator/<Coordinate>d__39`1<AIFarm.Ai.ResidentDecisionSpec>:MoveNext () (at C:/学习/研究生/Elys AI/面试模拟题/AIFarm/My project/Assets/AIFarm/Ai/AiRequestCoordinator.cs:441)
UnityEngine.SetupCoroutine:InvokeMoveNext (System.Collections.IEnumerator,intptr) (at C:/build/output/unity/unity/Runtime/Export/Scripting/Coroutines.cs:17)

(Filename: C:/build/output/unity/unity/Runtime/Export/Debug/Debug.bindings.cs Line: 123)

AI request residentId=resident-003 operation=resident-decision
UnityEngine.Debug:ExtractStackTraceNoAlloc (byte*,int,string)
UnityEngine.StackTraceUtility:ExtractStackTrace () (at C:/build/output/unity/unity/Runtime/Export/Scripting/StackTrace.cs:35)
UnityEngine.DebugLogHandler:Internal_Log (UnityEngine.LogType,UnityEngine.LogOption,string,UnityEngine.Object)
UnityEngine.DebugLogHandler:LogFormat (UnityEngine.LogType,UnityEngine.Object,string,object[]) (at C:/build/output/unity/unity/Runtime/Export/Logging/DebugLogHandler.cs:9)
UnityEngine.Logger:Log (UnityEngine.LogType,object) (at C:/build/output/unity/unity/Runtime/Export/Logging/Logger.cs:60)
UnityEngine.Debug:Log (object) (at C:/build/output/unity/unity/Runtime/Export/Debug/Debug.bindings.cs:123)
AIFarm.Presentation.RemoteAiGatewayClient:LogRequest (AIFarm.Npc.ResidentId,string) (at C:/学习/研究生/Elys AI/面试模拟题/AIFarm/My project/Assets/AIFarm/Presentation/RemoteAiGatewayClient.cs:618)
AIFarm.Presentation.RemoteAiGatewayClient/<DecideResident>d__23:MoveNext () (at C:/学习/研究生/Elys AI/面试模拟题/AIFarm/My project/Assets/AIFarm/Presentation/RemoteAiGatewayClient.cs:391)
AIFarm.Ai.AiRequestCoordinator/<Coordinate>d__39`1<AIFarm.Ai.ResidentDecisionSpec>:MoveNext () (at C:/学习/研究生/Elys AI/面试模拟题/AIFarm/My project/Assets/AIFarm/Ai/AiRequestCoordinator.cs:441)
UnityEngine.SetupCoroutine:InvokeMoveNext (System.Collections.IEnumerator,intptr) (at C:/build/output/unity/unity/Runtime/Export/Scripting/Coroutines.cs:17)

(Filename: C:/build/output/unity/unity/Runtime/Export/Debug/Debug.bindings.cs Line: 123)

AI response residentId=resident-003 source=Local succeeded=True
UnityEngine.Debug:ExtractStackTraceNoAlloc (byte*,int,string)
UnityEngine.StackTraceUtility:ExtractStackTrace () (at C:/build/output/unity/unity/Runtime/Export/Scripting/StackTrace.cs:35)
UnityEngine.DebugLogHandler:Internal_Log (UnityEngine.LogType,UnityEngine.LogOption,string,UnityEngine.Object)
UnityEngine.DebugLogHandler:LogFormat (UnityEngine.LogType,UnityEngine.Object,string,object[]) (at C:/build/output/unity/unity/Runtime/Export/Logging/DebugLogHandler.cs:9)
UnityEngine.Logger:Log (UnityEngine.LogType,object) (at C:/build/output/unity/unity/Runtime/Export/Logging/Logger.cs:60)
UnityEngine.Debug:Log (object) (at C:/build/output/unity/unity/Runtime/Export/Debug/Debug.bindings.cs:123)
AIFarm.Presentation.RemoteAiGatewayClient:LogResponse (AIFarm.Npc.ResidentId,AIFarm.Ai.AiGatewayMode,bool) (at C:/学习/研究生/Elys AI/面试模拟题/AIFarm/My project/Assets/AIFarm/Presentation/RemoteAiGatewayClient.cs:627)
AIFarm.Presentation.RemoteAiGatewayClient:CompleteRemote<AIFarm.Ai.ResidentDecisionSpec> (AIFarm.Ai.AiGatewayResult`1<AIFarm.Ai.ResidentDecisionSpec>,System.Action`1<AIFarm.Ai.AiGatewayResult`1<AIFarm.Ai.ResidentDecisionSpec>>) (at C:/学习/研究生/Elys AI/面试模拟题/AIFarm/My project/Assets/AIFarm/Presentation/RemoteAiGatewayClient.cs:506)
AIFarm.Presentation.RemoteAiGatewayClient/<DecideResident>d__23:MoveNext () (at C:/学习/研究生/Elys AI/面试模拟题/AIFarm/My project/Assets/AIFarm/Presentation/RemoteAiGatewayClient.cs:410)
AIFarm.Ai.AiRequestCoordinator/<Coordinate>d__39`1<AIFarm.Ai.ResidentDecisionSpec>:MoveNext () (at C:/学习/研究生/Elys AI/面试模拟题/AIFarm/My project/Assets/AIFarm/Ai/AiRequestCoordinator.cs:441)
UnityEngine.SetupCoroutine:InvokeMoveNext (System.Collections.IEnumerator,intptr) (at C:/build/output/unity/unity/Runtime/Export/Scripting/Coroutines.cs:17)

(Filename: C:/build/output/unity/unity/Runtime/Export/Debug/Debug.bindings.cs Line: 123)

AI request residentId=resident-003 operation=resident-decision
UnityEngine.Debug:ExtractStackTraceNoAlloc (byte*,int,string)
UnityEngine.StackTraceUtility:ExtractStackTrace () (at C:/build/output/unity/unity/Runtime/Export/Scripting/StackTrace.cs:35)
UnityEngine.DebugLogHandler:Internal_Log (UnityEngine.LogType,UnityEngine.LogOption,string,UnityEngine.Object)
UnityEngine.DebugLogHandler:LogFormat (UnityEngine.LogType,UnityEngine.Object,string,object[]) (at C:/build/output/unity/unity/Runtime/Export/Logging/DebugLogHandler.cs:9)
UnityEngine.Logger:Log (UnityEngine.LogType,object) (at C:/build/output/unity/unity/Runtime/Export/Logging/Logger.cs:60)
UnityEngine.Debug:Log (object) (at C:/build/output/unity/unity/Runtime/Export/Debug/Debug.bindings.cs:123)
AIFarm.Presentation.RemoteAiGatewayClient:LogRequest (AIFarm.Npc.ResidentId,string) (at C:/学习/研究生/Elys AI/面试模拟题/AIFarm/My project/Assets/AIFarm/Presentation/RemoteAiGatewayClient.cs:618)
AIFarm.Presentation.RemoteAiGatewayClient/<DecideResident>d__23:MoveNext () (at C:/学习/研究生/Elys AI/面试模拟题/AIFarm/My project/Assets/AIFarm/Presentation/RemoteAiGatewayClient.cs:391)
AIFarm.Ai.AiRequestCoordinator/<Coordinate>d__39`1<AIFarm.Ai.ResidentDecisionSpec>:MoveNext () (at C:/学习/研究生/Elys AI/面试模拟题/AIFarm/My project/Assets/AIFarm/Ai/AiRequestCoordinator.cs:441)
UnityEngine.SetupCoroutine:InvokeMoveNext (System.Collections.IEnumerator,intptr) (at C:/build/output/unity/unity/Runtime/Export/Scripting/Coroutines.cs:17)

(Filename: C:/build/output/unity/unity/Runtime/Export/Debug/Debug.bindings.cs Line: 123)

AI response residentId=resident-003 source=Local succeeded=True
UnityEngine.Debug:ExtractStackTraceNoAlloc (byte*,int,string)
UnityEngine.StackTraceUtility:ExtractStackTrace () (at C:/build/output/unity/unity/Runtime/Export/Scripting/StackTrace.cs:35)
UnityEngine.DebugLogHandler:Internal_Log (UnityEngine.LogType,UnityEngine.LogOption,string,UnityEngine.Object)
UnityEngine.DebugLogHandler:LogFormat (UnityEngine.LogType,UnityEngine.Object,string,object[]) (at C:/build/output/unity/unity/Runtime/Export/Logging/DebugLogHandler.cs:9)
UnityEngine.Logger:Log (UnityEngine.LogType,object) (at C:/build/output/unity/unity/Runtime/Export/Logging/Logger.cs:60)
UnityEngine.Debug:Log (object) (at C:/build/output/unity/unity/Runtime/Export/Debug/Debug.bindings.cs:123)
AIFarm.Presentation.RemoteAiGatewayClient:LogResponse (AIFarm.Npc.ResidentId,AIFarm.Ai.AiGatewayMode,bool) (at C:/学习/研究生/Elys AI/面试模拟题/AIFarm/My project/Assets/AIFarm/Presentation/RemoteAiGatewayClient.cs:627)
AIFarm.Presentation.RemoteAiGatewayClient:CompleteRemote<AIFarm.Ai.ResidentDecisionSpec> (AIFarm.Ai.AiGatewayResult`1<AIFarm.Ai.ResidentDecisionSpec>,System.Action`1<AIFarm.Ai.AiGatewayResult`1<AIFarm.Ai.ResidentDecisionSpec>>) (at C:/学习/研究生/Elys AI/面试模拟题/AIFarm/My project/Assets/AIFarm/Presentation/RemoteAiGatewayClient.cs:506)
AIFarm.Presentation.RemoteAiGatewayClient/<DecideResident>d__23:MoveNext () (at C:/学习/研究生/Elys AI/面试模拟题/AIFarm/My project/Assets/AIFarm/Presentation/RemoteAiGatewayClient.cs:410)
AIFarm.Ai.AiRequestCoordinator/<Coordinate>d__39`1<AIFarm.Ai.ResidentDecisionSpec>:MoveNext () (at C:/学习/研究生/Elys AI/面试模拟题/AIFarm/My project/Assets/AIFarm/Ai/AiRequestCoordinator.cs:441)
UnityEngine.SetupCoroutine:InvokeMoveNext (System.Collections.IEnumerator,intptr) (at C:/build/output/unity/unity/Runtime/Export/Scripting/Coroutines.cs:17)

(Filename: C:/build/output/unity/unity/Runtime/Export/Debug/Debug.bindings.cs Line: 123)

AI request residentId=resident-001 operation=resident-decision
UnityEngine.Debug:ExtractStackTraceNoAlloc (byte*,int,string)
UnityEngine.StackTraceUtility:ExtractStackTrace () (at C:/build/output/unity/unity/Runtime/Export/Scripting/StackTrace.cs:35)
UnityEngine.DebugLogHandler:Internal_Log (UnityEngine.LogType,UnityEngine.LogOption,string,UnityEngine.Object)
UnityEngine.DebugLogHandler:LogFormat (UnityEngine.LogType,UnityEngine.Object,string,object[]) (at C:/build/output/unity/unity/Runtime/Export/Logging/DebugLogHandler.cs:9)
UnityEngine.Logger:Log (UnityEngine.LogType,object) (at C:/build/output/unity/unity/Runtime/Export/Logging/Logger.cs:60)
UnityEngine.Debug:Log (object) (at C:/build/output/unity/unity/Runtime/Export/Debug/Debug.bindings.cs:123)
AIFarm.Presentation.RemoteAiGatewayClient:LogRequest (AIFarm.Npc.ResidentId,string) (at C:/学习/研究生/Elys AI/面试模拟题/AIFarm/My project/Assets/AIFarm/Presentation/RemoteAiGatewayClient.cs:618)
AIFarm.Presentation.RemoteAiGatewayClient/<DecideResident>d__23:MoveNext () (at C:/学习/研究生/Elys AI/面试模拟题/AIFarm/My project/Assets/AIFarm/Presentation/RemoteAiGatewayClient.cs:391)
AIFarm.Ai.AiRequestCoordinator/<Coordinate>d__39`1<AIFarm.Ai.ResidentDecisionSpec>:MoveNext () (at C:/学习/研究生/Elys AI/面试模拟题/AIFarm/My project/Assets/AIFarm/Ai/AiRequestCoordinator.cs:441)
UnityEngine.SetupCoroutine:InvokeMoveNext (System.Collections.IEnumerator,intptr) (at C:/build/output/unity/unity/Runtime/Export/Scripting/Coroutines.cs:17)

(Filename: C:/build/output/unity/unity/Runtime/Export/Debug/Debug.bindings.cs Line: 123)

AI response residentId=resident-001 source=Local succeeded=True
UnityEngine.Debug:ExtractStackTraceNoAlloc (byte*,int,string)
UnityEngine.StackTraceUtility:ExtractStackTrace () (at C:/build/output/unity/unity/Runtime/Export/Scripting/StackTrace.cs:35)
UnityEngine.DebugLogHandler:Internal_Log (UnityEngine.LogType,UnityEngine.LogOption,string,UnityEngine.Object)
UnityEngine.DebugLogHandler:LogFormat (UnityEngine.LogType,UnityEngine.Object,string,object[]) (at C:/build/output/unity/unity/Runtime/Export/Logging/DebugLogHandler.cs:9)
UnityEngine.Logger:Log (UnityEngine.LogType,object) (at C:/build/output/unity/unity/Runtime/Export/Logging/Logger.cs:60)
UnityEngine.Debug:Log (object) (at C:/build/output/unity/unity/Runtime/Export/Debug/Debug.bindings.cs:123)
AIFarm.Presentation.RemoteAiGatewayClient:LogResponse (AIFarm.Npc.ResidentId,AIFarm.Ai.AiGatewayMode,bool) (at C:/学习/研究生/Elys AI/面试模拟题/AIFarm/My project/Assets/AIFarm/Presentation/RemoteAiGatewayClient.cs:627)
AIFarm.Presentation.RemoteAiGatewayClient:CompleteRemote<AIFarm.Ai.ResidentDecisionSpec> (AIFarm.Ai.AiGatewayResult`1<AIFarm.Ai.ResidentDecisionSpec>,System.Action`1<AIFarm.Ai.AiGatewayResult`1<AIFarm.Ai.ResidentDecisionSpec>>) (at C:/学习/研究生/Elys AI/面试模拟题/AIFarm/My project/Assets/AIFarm/Presentation/RemoteAiGatewayClient.cs:506)
AIFarm.Presentation.RemoteAiGatewayClient/<DecideResident>d__23:MoveNext () (at C:/学习/研究生/Elys AI/面试模拟题/AIFarm/My project/Assets/AIFarm/Presentation/RemoteAiGatewayClient.cs:410)
AIFarm.Ai.AiRequestCoordinator/<Coordinate>d__39`1<AIFarm.Ai.ResidentDecisionSpec>:MoveNext () (at C:/学习/研究生/Elys AI/面试模拟题/AIFarm/My project/Assets/AIFarm/Ai/AiRequestCoordinator.cs:441)
UnityEngine.SetupCoroutine:InvokeMoveNext (System.Collections.IEnumerator,intptr) (at C:/build/output/unity/unity/Runtime/Export/Scripting/Coroutines.cs:17)

(Filename: C:/build/output/unity/unity/Runtime/Export/Debug/Debug.bindings.cs Line: 123)

AI request residentId=resident-002 operation=resident-decision
UnityEngine.Debug:ExtractStackTraceNoAlloc (byte*,int,string)
UnityEngine.StackTraceUtility:ExtractStackTrace () (at C:/build/output/unity/unity/Runtime/Export/Scripting/StackTrace.cs:35)
UnityEngine.DebugLogHandler:Internal_Log (UnityEngine.LogType,UnityEngine.LogOption,string,UnityEngine.Object)
UnityEngine.DebugLogHandler:LogFormat (UnityEngine.LogType,UnityEngine.Object,string,object[]) (at C:/build/output/unity/unity/Runtime/Export/Logging/DebugLogHandler.cs:9)
UnityEngine.Logger:Log (UnityEngine.LogType,object) (at C:/build/output/unity/unity/Runtime/Export/Logging/Logger.cs:60)
UnityEngine.Debug:Log (object) (at C:/build/output/unity/unity/Runtime/Export/Debug/Debug.bindings.cs:123)
AIFarm.Presentation.RemoteAiGatewayClient:LogRequest (AIFarm.Npc.ResidentId,string) (at C:/学习/研究生/Elys AI/面试模拟题/AIFarm/My project/Assets/AIFarm/Presentation/RemoteAiGatewayClient.cs:618)
AIFarm.Presentation.RemoteAiGatewayClient/<DecideResident>d__23:MoveNext () (at C:/学习/研究生/Elys AI/面试模拟题/AIFarm/My project/Assets/AIFarm/Presentation/RemoteAiGatewayClient.cs:391)
AIFarm.Ai.AiRequestCoordinator/<Coordinate>d__39`1<AIFarm.Ai.ResidentDecisionSpec>:MoveNext () (at C:/学习/研究生/Elys AI/面试模拟题/AIFarm/My project/Assets/AIFarm/Ai/AiRequestCoordinator.cs:441)
UnityEngine.SetupCoroutine:InvokeMoveNext (System.Collections.IEnumerator,intptr) (at C:/build/output/unity/unity/Runtime/Export/Scripting/Coroutines.cs:17)

(Filename: C:/build/output/unity/unity/Runtime/Export/Debug/Debug.bindings.cs Line: 123)

AI response residentId=resident-002 source=Local succeeded=True
UnityEngine.Debug:ExtractStackTraceNoAlloc (byte*,int,string)
UnityEngine.StackTraceUtility:ExtractStackTrace () (at C:/build/output/unity/unity/Runtime/Export/Scripting/StackTrace.cs:35)
UnityEngine.DebugLogHandler:Internal_Log (UnityEngine.LogType,UnityEngine.LogOption,string,UnityEngine.Object)
UnityEngine.DebugLogHandler:LogFormat (UnityEngine.LogType,UnityEngine.Object,string,object[]) (at C:/build/output/unity/unity/Runtime/Export/Logging/DebugLogHandler.cs:9)
UnityEngine.Logger:Log (UnityEngine.LogType,object) (at C:/build/output/unity/unity/Runtime/Export/Logging/Logger.cs:60)
UnityEngine.Debug:Log (object) (at C:/build/output/unity/unity/Runtime/Export/Debug/Debug.bindings.cs:123)
AIFarm.Presentation.RemoteAiGatewayClient:LogResponse (AIFarm.Npc.ResidentId,AIFarm.Ai.AiGatewayMode,bool) (at C:/学习/研究生/Elys AI/面试模拟题/AIFarm/My project/Assets/AIFarm/Presentation/RemoteAiGatewayClient.cs:627)
AIFarm.Presentation.RemoteAiGatewayClient:CompleteRemote<AIFarm.Ai.ResidentDecisionSpec> (AIFarm.Ai.AiGatewayResult`1<AIFarm.Ai.ResidentDecisionSpec>,System.Action`1<AIFarm.Ai.AiGatewayResult`1<AIFarm.Ai.ResidentDecisionSpec>>) (at C:/学习/研究生/Elys AI/面试模拟题/AIFarm/My project/Assets/AIFarm/Presentation/RemoteAiGatewayClient.cs:506)
AIFarm.Presentation.RemoteAiGatewayClient/<DecideResident>d__23:MoveNext () (at C:/学习/研究生/Elys AI/面试模拟题/AIFarm/My project/Assets/AIFarm/Presentation/RemoteAiGatewayClient.cs:410)
AIFarm.Ai.AiRequestCoordinator/<Coordinate>d__39`1<AIFarm.Ai.ResidentDecisionSpec>:MoveNext () (at C:/学习/研究生/Elys AI/面试模拟题/AIFarm/My project/Assets/AIFarm/Ai/AiRequestCoordinator.cs:441)
UnityEngine.SetupCoroutine:InvokeMoveNext (System.Collections.IEnumerator,intptr) (at C:/build/output/unity/unity/Runtime/Export/Scripting/Coroutines.cs:17)

(Filename: C:/build/output/unity/unity/Runtime/Export/Debug/Debug.bindings.cs Line: 123)

AI request residentId=resident-004 operation=resident-decision
UnityEngine.Debug:ExtractStackTraceNoAlloc (byte*,int,string)
UnityEngine.StackTraceUtility:ExtractStackTrace () (at C:/build/output/unity/unity/Runtime/Export/Scripting/StackTrace.cs:35)
UnityEngine.DebugLogHandler:Internal_Log (UnityEngine.LogType,UnityEngine.LogOption,string,UnityEngine.Object)
UnityEngine.DebugLogHandler:LogFormat (UnityEngine.LogType,UnityEngine.Object,string,object[]) (at C:/build/output/unity/unity/Runtime/Export/Logging/DebugLogHandler.cs:9)
UnityEngine.Logger:Log (UnityEngine.LogType,object) (at C:/build/output/unity/unity/Runtime/Export/Logging/Logger.cs:60)
UnityEngine.Debug:Log (object) (at C:/build/output/unity/unity/Runtime/Export/Debug/Debug.bindings.cs:123)
AIFarm.Presentation.RemoteAiGatewayClient:LogRequest (AIFarm.Npc.ResidentId,string) (at C:/学习/研究生/Elys AI/面试模拟题/AIFarm/My project/Assets/AIFarm/Presentation/RemoteAiGatewayClient.cs:618)
AIFarm.Presentation.RemoteAiGatewayClient/<DecideResident>d__23:MoveNext () (at C:/学习/研究生/Elys AI/面试模拟题/AIFarm/My project/Assets/AIFarm/Presentation/RemoteAiGatewayClient.cs:391)
AIFarm.Ai.AiRequestCoordinator/<Coordinate>d__39`1<AIFarm.Ai.ResidentDecisionSpec>:MoveNext () (at C:/学习/研究生/Elys AI/面试模拟题/AIFarm/My project/Assets/AIFarm/Ai/AiRequestCoordinator.cs:441)
UnityEngine.SetupCoroutine:InvokeMoveNext (System.Collections.IEnumerator,intptr) (at C:/build/output/unity/unity/Runtime/Export/Scripting/Coroutines.cs:17)

(Filename: C:/build/output/unity/unity/Runtime/Export/Debug/Debug.bindings.cs Line: 123)

AI response residentId=resident-004 source=Local succeeded=True
UnityEngine.Debug:ExtractStackTraceNoAlloc (byte*,int,string)
UnityEngine.StackTraceUtility:ExtractStackTrace () (at C:/build/output/unity/unity/Runtime/Export/Scripting/StackTrace.cs:35)
UnityEngine.DebugLogHandler:Internal_Log (UnityEngine.LogType,UnityEngine.LogOption,string,UnityEngine.Object)
UnityEngine.DebugLogHandler:LogFormat (UnityEngine.LogType,UnityEngine.Object,string,object[]) (at C:/build/output/unity/unity/Runtime/Export/Logging/DebugLogHandler.cs:9)
UnityEngine.Logger:Log (UnityEngine.LogType,object) (at C:/build/output/unity/unity/Runtime/Export/Logging/Logger.cs:60)
UnityEngine.Debug:Log (object) (at C:/build/output/unity/unity/Runtime/Export/Debug/Debug.bindings.cs:123)
AIFarm.Presentation.RemoteAiGatewayClient:LogResponse (AIFarm.Npc.ResidentId,AIFarm.Ai.AiGatewayMode,bool) (at C:/学习/研究生/Elys AI/面试模拟题/AIFarm/My project/Assets/AIFarm/Presentation/RemoteAiGatewayClient.cs:627)
AIFarm.Presentation.RemoteAiGatewayClient:CompleteRemote<AIFarm.Ai.ResidentDecisionSpec> (AIFarm.Ai.AiGatewayResult`1<AIFarm.Ai.ResidentDecisionSpec>,System.Action`1<AIFarm.Ai.AiGatewayResult`1<AIFarm.Ai.ResidentDecisionSpec>>) (at C:/学习/研究生/Elys AI/面试模拟题/AIFarm/My project/Assets/AIFarm/Presentation/RemoteAiGatewayClient.cs:506)
AIFarm.Presentation.RemoteAiGatewayClient/<DecideResident>d__23:MoveNext () (at C:/学习/研究生/Elys AI/面试模拟题/AIFarm/My project/Assets/AIFarm/Presentation/RemoteAiGatewayClient.cs:410)
AIFarm.Ai.AiRequestCoordinator/<Coordinate>d__39`1<AIFarm.Ai.ResidentDecisionSpec>:MoveNext () (at C:/学习/研究生/Elys AI/面试模拟题/AIFarm/My project/Assets/AIFarm/Ai/AiRequestCoordinator.cs:441)
UnityEngine.SetupCoroutine:InvokeMoveNext (System.Collections.IEnumerator,intptr) (at C:/build/output/unity/unity/Runtime/Export/Scripting/Coroutines.cs:17)

(Filename: C:/build/output/unity/unity/Runtime/Export/Debug/Debug.bindings.cs Line: 123)

AI request residentId=resident-002 operation=resident-decision
UnityEngine.Debug:ExtractStackTraceNoAlloc (byte*,int,string)
UnityEngine.StackTraceUtility:ExtractStackTrace () (at C:/build/output/unity/unity/Runtime/Export/Scripting/StackTrace.cs:35)
UnityEngine.DebugLogHandler:Internal_Log (UnityEngine.LogType,UnityEngine.LogOption,string,UnityEngine.Object)
UnityEngine.DebugLogHandler:LogFormat (UnityEngine.LogType,UnityEngine.Object,string,object[]) (at C:/build/output/unity/unity/Runtime/Export/Logging/DebugLogHandler.cs:9)
UnityEngine.Logger:Log (UnityEngine.LogType,object) (at C:/build/output/unity/unity/Runtime/Export/Logging/Logger.cs:60)
UnityEngine.Debug:Log (object) (at C:/build/output/unity/unity/Runtime/Export/Debug/Debug.bindings.cs:123)
AIFarm.Presentation.RemoteAiGatewayClient:LogRequest (AIFarm.Npc.ResidentId,string) (at C:/学习/研究生/Elys AI/面试模拟题/AIFarm/My project/Assets/AIFarm/Presentation/RemoteAiGatewayClient.cs:618)
AIFarm.Presentation.RemoteAiGatewayClient/<DecideResident>d__23:MoveNext () (at C:/学习/研究生/Elys AI/面试模拟题/AIFarm/My project/Assets/AIFarm/Presentation/RemoteAiGatewayClient.cs:391)
AIFarm.Ai.AiRequestCoordinator/<Coordinate>d__39`1<AIFarm.Ai.ResidentDecisionSpec>:MoveNext () (at C:/学习/研究生/Elys AI/面试模拟题/AIFarm/My project/Assets/AIFarm/Ai/AiRequestCoordinator.cs:441)
UnityEngine.SetupCoroutine:InvokeMoveNext (System.Collections.IEnumerator,intptr) (at C:/build/output/unity/unity/Runtime/Export/Scripting/Coroutines.cs:17)

(Filename: C:/build/output/unity/unity/Runtime/Export/Debug/Debug.bindings.cs Line: 123)

AI response residentId=resident-002 source=Local succeeded=True
UnityEngine.Debug:ExtractStackTraceNoAlloc (byte*,int,string)
UnityEngine.StackTraceUtility:ExtractStackTrace () (at C:/build/output/unity/unity/Runtime/Export/Scripting/StackTrace.cs:35)
UnityEngine.DebugLogHandler:Internal_Log (UnityEngine.LogType,UnityEngine.LogOption,string,UnityEngine.Object)
UnityEngine.DebugLogHandler:LogFormat (UnityEngine.LogType,UnityEngine.Object,string,object[]) (at C:/build/output/unity/unity/Runtime/Export/Logging/DebugLogHandler.cs:9)
UnityEngine.Logger:Log (UnityEngine.LogType,object) (at C:/build/output/unity/unity/Runtime/Export/Logging/Logger.cs:60)
UnityEngine.Debug:Log (object) (at C:/build/output/unity/unity/Runtime/Export/Debug/Debug.bindings.cs:123)
AIFarm.Presentation.RemoteAiGatewayClient:LogResponse (AIFarm.Npc.ResidentId,AIFarm.Ai.AiGatewayMode,bool) (at C:/学习/研究生/Elys AI/面试模拟题/AIFarm/My project/Assets/AIFarm/Presentation/RemoteAiGatewayClient.cs:627)
AIFarm.Presentation.RemoteAiGatewayClient:CompleteRemote<AIFarm.Ai.ResidentDecisionSpec> (AIFarm.Ai.AiGatewayResult`1<AIFarm.Ai.ResidentDecisionSpec>,System.Action`1<AIFarm.Ai.AiGatewayResult`1<AIFarm.Ai.ResidentDecisionSpec>>) (at C:/学习/研究生/Elys AI/面试模拟题/AIFarm/My project/Assets/AIFarm/Presentation/RemoteAiGatewayClient.cs:506)
AIFarm.Presentation.RemoteAiGatewayClient/<DecideResident>d__23:MoveNext () (at C:/学习/研究生/Elys AI/面试模拟题/AIFarm/My project/Assets/AIFarm/Presentation/RemoteAiGatewayClient.cs:410)
AIFarm.Ai.AiRequestCoordinator/<Coordinate>d__39`1<AIFarm.Ai.ResidentDecisionSpec>:MoveNext () (at C:/学习/研究生/Elys AI/面试模拟题/AIFarm/My project/Assets/AIFarm/Ai/AiRequestCoordinator.cs:441)
UnityEngine.SetupCoroutine:InvokeMoveNext (System.Collections.IEnumerator,intptr) (at C:/build/output/unity/unity/Runtime/Export/Scripting/Coroutines.cs:17)

(Filename: C:/build/output/unity/unity/Runtime/Export/Debug/Debug.bindings.cs Line: 123)

AI request residentId=resident-003 operation=resident-decision
UnityEngine.Debug:ExtractStackTraceNoAlloc (byte*,int,string)
UnityEngine.StackTraceUtility:ExtractStackTrace () (at C:/build/output/unity/unity/Runtime/Export/Scripting/StackTrace.cs:35)
UnityEngine.DebugLogHandler:Internal_Log (UnityEngine.LogType,UnityEngine.LogOption,string,UnityEngine.Object)
UnityEngine.DebugLogHandler:LogFormat (UnityEngine.LogType,UnityEngine.Object,string,object[]) (at C:/build/output/unity/unity/Runtime/Export/Logging/DebugLogHandler.cs:9)
UnityEngine.Logger:Log (UnityEngine.LogType,object) (at C:/build/output/unity/unity/Runtime/Export/Logging/Logger.cs:60)
UnityEngine.Debug:Log (object) (at C:/build/output/unity/unity/Runtime/Export/Debug/Debug.bindings.cs:123)
AIFarm.Presentation.RemoteAiGatewayClient:LogRequest (AIFarm.Npc.ResidentId,string) (at C:/学习/研究生/Elys AI/面试模拟题/AIFarm/My project/Assets/AIFarm/Presentation/RemoteAiGatewayClient.cs:618)
AIFarm.Presentation.RemoteAiGatewayClient/<DecideResident>d__23:MoveNext () (at C:/学习/研究生/Elys AI/面试模拟题/AIFarm/My project/Assets/AIFarm/Presentation/RemoteAiGatewayClient.cs:391)
AIFarm.Ai.AiRequestCoordinator/<Coordinate>d__39`1<AIFarm.Ai.ResidentDecisionSpec>:MoveNext () (at C:/学习/研究生/Elys AI/面试模拟题/AIFarm/My project/Assets/AIFarm/Ai/AiRequestCoordinator.cs:441)
UnityEngine.SetupCoroutine:InvokeMoveNext (System.Collections.IEnumerator,intptr) (at C:/build/output/unity/unity/Runtime/Export/Scripting/Coroutines.cs:17)

(Filename: C:/build/output/unity/unity/Runtime/Export/Debug/Debug.bindings.cs Line: 123)

AI response residentId=resident-003 source=Local succeeded=True
UnityEngine.Debug:ExtractStackTraceNoAlloc (byte*,int,string)
UnityEngine.StackTraceUtility:ExtractStackTrace () (at C:/build/output/unity/unity/Runtime/Export/Scripting/StackTrace.cs:35)
UnityEngine.DebugLogHandler:Internal_Log (UnityEngine.LogType,UnityEngine.LogOption,string,UnityEngine.Object)
UnityEngine.DebugLogHandler:LogFormat (UnityEngine.LogType,UnityEngine.Object,string,object[]) (at C:/build/output/unity/unity/Runtime/Export/Logging/DebugLogHandler.cs:9)
UnityEngine.Logger:Log (UnityEngine.LogType,object) (at C:/build/output/unity/unity/Runtime/Export/Logging/Logger.cs:60)
UnityEngine.Debug:Log (object) (at C:/build/output/unity/unity/Runtime/Export/Debug/Debug.bindings.cs:123)
AIFarm.Presentation.RemoteAiGatewayClient:LogResponse (AIFarm.Npc.ResidentId,AIFarm.Ai.AiGatewayMode,bool) (at C:/学习/研究生/Elys AI/面试模拟题/AIFarm/My project/Assets/AIFarm/Presentation/RemoteAiGatewayClient.cs:627)
AIFarm.Presentation.RemoteAiGatewayClient:CompleteRemote<AIFarm.Ai.ResidentDecisionSpec> (AIFarm.Ai.AiGatewayResult`1<AIFarm.Ai.ResidentDecisionSpec>,System.Action`1<AIFarm.Ai.AiGatewayResult`1<AIFarm.Ai.ResidentDecisionSpec>>) (at C:/学习/研究生/Elys AI/面试模拟题/AIFarm/My project/Assets/AIFarm/Presentation/RemoteAiGatewayClient.cs:506)
AIFarm.Presentation.RemoteAiGatewayClient/<DecideResident>d__23:MoveNext () (at C:/学习/研究生/Elys AI/面试模拟题/AIFarm/My project/Assets/AIFarm/Presentation/RemoteAiGatewayClient.cs:410)
AIFarm.Ai.AiRequestCoordinator/<Coordinate>d__39`1<AIFarm.Ai.ResidentDecisionSpec>:MoveNext () (at C:/学习/研究生/Elys AI/面试模拟题/AIFarm/My project/Assets/AIFarm/Ai/AiRequestCoordinator.cs:441)
UnityEngine.SetupCoroutine:InvokeMoveNext (System.Collections.IEnumerator,intptr) (at C:/build/output/unity/unity/Runtime/Export/Scripting/Coroutines.cs:17)

(Filename: C:/build/output/unity/unity/Runtime/Export/Debug/Debug.bindings.cs Line: 123)

AI request residentId=resident-001 operation=resident-decision
UnityEngine.Debug:ExtractStackTraceNoAlloc (byte*,int,string)
UnityEngine.StackTraceUtility:ExtractStackTrace () (at C:/build/output/unity/unity/Runtime/Export/Scripting/StackTrace.cs:35)
UnityEngine.DebugLogHandler:Internal_Log (UnityEngine.LogType,UnityEngine.LogOption,string,UnityEngine.Object)
UnityEngine.DebugLogHandler:LogFormat (UnityEngine.LogType,UnityEngine.Object,string,object[]) (at C:/build/output/unity/unity/Runtime/Export/Logging/DebugLogHandler.cs:9)
UnityEngine.Logger:Log (UnityEngine.LogType,object) (at C:/build/output/unity/unity/Runtime/Export/Logging/Logger.cs:60)
UnityEngine.Debug:Log (object) (at C:/build/output/unity/unity/Runtime/Export/Debug/Debug.bindings.cs:123)
AIFarm.Presentation.RemoteAiGatewayClient:LogRequest (AIFarm.Npc.ResidentId,string) (at C:/学习/研究生/Elys AI/面试模拟题/AIFarm/My project/Assets/AIFarm/Presentation/RemoteAiGatewayClient.cs:618)
AIFarm.Presentation.RemoteAiGatewayClient/<DecideResident>d__23:MoveNext () (at C:/学习/研究生/Elys AI/面试模拟题/AIFarm/My project/Assets/AIFarm/Presentation/RemoteAiGatewayClient.cs:391)
AIFarm.Ai.AiRequestCoordinator/<Coordinate>d__39`1<AIFarm.Ai.ResidentDecisionSpec>:MoveNext () (at C:/学习/研究生/Elys AI/面试模拟题/AIFarm/My project/Assets/AIFarm/Ai/AiRequestCoordinator.cs:441)
UnityEngine.SetupCoroutine:InvokeMoveNext (System.Collections.IEnumerator,intptr) (at C:/build/output/unity/unity/Runtime/Export/Scripting/Coroutines.cs:17)

(Filename: C:/build/output/unity/unity/Runtime/Export/Debug/Debug.bindings.cs Line: 123)

AI response residentId=resident-001 source=Local succeeded=True
UnityEngine.Debug:ExtractStackTraceNoAlloc (byte*,int,string)
UnityEngine.StackTraceUtility:ExtractStackTrace () (at C:/build/output/unity/unity/Runtime/Export/Scripting/StackTrace.cs:35)
UnityEngine.DebugLogHandler:Internal_Log (UnityEngine.LogType,UnityEngine.LogOption,string,UnityEngine.Object)
UnityEngine.DebugLogHandler:LogFormat (UnityEngine.LogType,UnityEngine.Object,string,object[]) (at C:/build/output/unity/unity/Runtime/Export/Logging/DebugLogHandler.cs:9)
UnityEngine.Logger:Log (UnityEngine.LogType,object) (at C:/build/output/unity/unity/Runtime/Export/Logging/Logger.cs:60)
UnityEngine.Debug:Log (object) (at C:/build/output/unity/unity/Runtime/Export/Debug/Debug.bindings.cs:123)
AIFarm.Presentation.RemoteAiGatewayClient:LogResponse (AIFarm.Npc.ResidentId,AIFarm.Ai.AiGatewayMode,bool) (at C:/学习/研究生/Elys AI/面试模拟题/AIFarm/My project/Assets/AIFarm/Presentation/RemoteAiGatewayClient.cs:627)
AIFarm.Presentation.RemoteAiGatewayClient:CompleteRemote<AIFarm.Ai.ResidentDecisionSpec> (AIFarm.Ai.AiGatewayResult`1<AIFarm.Ai.ResidentDecisionSpec>,System.Action`1<AIFarm.Ai.AiGatewayResult`1<AIFarm.Ai.ResidentDecisionSpec>>) (at C:/学习/研究生/Elys AI/面试模拟题/AIFarm/My project/Assets/AIFarm/Presentation/RemoteAiGatewayClient.cs:506)
AIFarm.Presentation.RemoteAiGatewayClient/<DecideResident>d__23:MoveNext () (at C:/学习/研究生/Elys AI/面试模拟题/AIFarm/My project/Assets/AIFarm/Presentation/RemoteAiGatewayClient.cs:410)
AIFarm.Ai.AiRequestCoordinator/<Coordinate>d__39`1<AIFarm.Ai.ResidentDecisionSpec>:MoveNext () (at C:/学习/研究生/Elys AI/面试模拟题/AIFarm/My project/Assets/AIFarm/Ai/AiRequestCoordinator.cs:441)
UnityEngine.SetupCoroutine:InvokeMoveNext (System.Collections.IEnumerator,intptr) (at C:/build/output/unity/unity/Runtime/Export/Scripting/Coroutines.cs:17)

(Filename: C:/build/output/unity/unity/Runtime/Export/Debug/Debug.bindings.cs Line: 123)

AI request residentId=resident-001 operation=resident-decision
UnityEngine.Debug:ExtractStackTraceNoAlloc (byte*,int,string)
UnityEngine.StackTraceUtility:ExtractStackTrace () (at C:/build/output/unity/unity/Runtime/Export/Scripting/StackTrace.cs:35)
UnityEngine.DebugLogHandler:Internal_Log (UnityEngine.LogType,UnityEngine.LogOption,string,UnityEngine.Object)
UnityEngine.DebugLogHandler:LogFormat (UnityEngine.LogType,UnityEngine.Object,string,object[]) (at C:/build/output/unity/unity/Runtime/Export/Logging/DebugLogHandler.cs:9)
UnityEngine.Logger:Log (UnityEngine.LogType,object) (at C:/build/output/unity/unity/Runtime/Export/Logging/Logger.cs:60)
UnityEngine.Debug:Log (object) (at C:/build/output/unity/unity/Runtime/Export/Debug/Debug.bindings.cs:123)
AIFarm.Presentation.RemoteAiGatewayClient:LogRequest (AIFarm.Npc.ResidentId,string) (at C:/学习/研究生/Elys AI/面试模拟题/AIFarm/My project/Assets/AIFarm/Presentation/RemoteAiGatewayClient.cs:618)
AIFarm.Presentation.RemoteAiGatewayClient/<DecideResident>d__23:MoveNext () (at C:/学习/研究生/Elys AI/面试模拟题/AIFarm/My project/Assets/AIFarm/Presentation/RemoteAiGatewayClient.cs:391)
AIFarm.Ai.AiRequestCoordinator/<Coordinate>d__39`1<AIFarm.Ai.ResidentDecisionSpec>:MoveNext () (at C:/学习/研究生/Elys AI/面试模拟题/AIFarm/My project/Assets/AIFarm/Ai/AiRequestCoordinator.cs:441)
UnityEngine.SetupCoroutine:InvokeMoveNext (System.Collections.IEnumerator,intptr) (at C:/build/output/unity/unity/Runtime/Export/Scripting/Coroutines.cs:17)

(Filename: C:/build/output/unity/unity/Runtime/Export/Debug/Debug.bindings.cs Line: 123)

AI response residentId=resident-001 source=Local succeeded=True
UnityEngine.Debug:ExtractStackTraceNoAlloc (byte*,int,string)
UnityEngine.StackTraceUtility:ExtractStackTrace () (at C:/build/output/unity/unity/Runtime/Export/Scripting/StackTrace.cs:35)
UnityEngine.DebugLogHandler:Internal_Log (UnityEngine.LogType,UnityEngine.LogOption,string,UnityEngine.Object)
UnityEngine.DebugLogHandler:LogFormat (UnityEngine.LogType,UnityEngine.Object,string,object[]) (at C:/build/output/unity/unity/Runtime/Export/Logging/DebugLogHandler.cs:9)
UnityEngine.Logger:Log (UnityEngine.LogType,object) (at C:/build/output/unity/unity/Runtime/Export/Logging/Logger.cs:60)
UnityEngine.Debug:Log (object) (at C:/build/output/unity/unity/Runtime/Export/Debug/Debug.bindings.cs:123)
AIFarm.Presentation.RemoteAiGatewayClient:LogResponse (AIFarm.Npc.ResidentId,AIFarm.Ai.AiGatewayMode,bool) (at C:/学习/研究生/Elys AI/面试模拟题/AIFarm/My project/Assets/AIFarm/Presentation/RemoteAiGatewayClient.cs:627)
AIFarm.Presentation.RemoteAiGatewayClient:CompleteRemote<AIFarm.Ai.ResidentDecisionSpec> (AIFarm.Ai.AiGatewayResult`1<AIFarm.Ai.ResidentDecisionSpec>,System.Action`1<AIFarm.Ai.AiGatewayResult`1<AIFarm.Ai.ResidentDecisionSpec>>) (at C:/学习/研究生/Elys AI/面试模拟题/AIFarm/My project/Assets/AIFarm/Presentation/RemoteAiGatewayClient.cs:506)
AIFarm.Presentation.RemoteAiGatewayClient/<DecideResident>d__23:MoveNext () (at C:/学习/研究生/Elys AI/面试模拟题/AIFarm/My project/Assets/AIFarm/Presentation/RemoteAiGatewayClient.cs:410)
AIFarm.Ai.AiRequestCoordinator/<Coordinate>d__39`1<AIFarm.Ai.ResidentDecisionSpec>:MoveNext () (at C:/学习/研究生/Elys AI/面试模拟题/AIFarm/My project/Assets/AIFarm/Ai/AiRequestCoordinator.cs:441)
UnityEngine.SetupCoroutine:InvokeMoveNext (System.Collections.IEnumerator,intptr) (at C:/build/output/unity/unity/Runtime/Export/Scripting/Coroutines.cs:17)

(Filename: C:/build/output/unity/unity/Runtime/Export/Debug/Debug.bindings.cs Line: 123)

AI request residentId=resident-004 operation=resident-decision
UnityEngine.Debug:ExtractStackTraceNoAlloc (byte*,int,string)
UnityEngine.StackTraceUtility:ExtractStackTrace () (at C:/build/output/unity/unity/Runtime/Export/Scripting/StackTrace.cs:35)
UnityEngine.DebugLogHandler:Internal_Log (UnityEngine.LogType,UnityEngine.LogOption,string,UnityEngine.Object)
UnityEngine.DebugLogHandler:LogFormat (UnityEngine.LogType,UnityEngine.Object,string,object[]) (at C:/build/output/unity/unity/Runtime/Export/Logging/DebugLogHandler.cs:9)
UnityEngine.Logger:Log (UnityEngine.LogType,object) (at C:/build/output/unity/unity/Runtime/Export/Logging/Logger.cs:60)
UnityEngine.Debug:Log (object) (at C:/build/output/unity/unity/Runtime/Export/Debug/Debug.bindings.cs:123)
AIFarm.Presentation.RemoteAiGatewayClient:LogRequest (AIFarm.Npc.ResidentId,string) (at C:/学习/研究生/Elys AI/面试模拟题/AIFarm/My project/Assets/AIFarm/Presentation/RemoteAiGatewayClient.cs:618)
AIFarm.Presentation.RemoteAiGatewayClient/<DecideResident>d__23:MoveNext () (at C:/学习/研究生/Elys AI/面试模拟题/AIFarm/My project/Assets/AIFarm/Presentation/RemoteAiGatewayClient.cs:391)
AIFarm.Ai.AiRequestCoordinator/<Coordinate>d__39`1<AIFarm.Ai.ResidentDecisionSpec>:MoveNext () (at C:/学习/研究生/Elys AI/面试模拟题/AIFarm/My project/Assets/AIFarm/Ai/AiRequestCoordinator.cs:441)
UnityEngine.SetupCoroutine:InvokeMoveNext (System.Collections.IEnumerator,intptr) (at C:/build/output/unity/unity/Runtime/Export/Scripting/Coroutines.cs:17)

(Filename: C:/build/output/unity/unity/Runtime/Export/Debug/Debug.bindings.cs Line: 123)

AI response residentId=resident-004 source=Local succeeded=True
UnityEngine.Debug:ExtractStackTraceNoAlloc (byte*,int,string)
UnityEngine.StackTraceUtility:ExtractStackTrace () (at C:/build/output/unity/unity/Runtime/Export/Scripting/StackTrace.cs:35)
UnityEngine.DebugLogHandler:Internal_Log (UnityEngine.LogType,UnityEngine.LogOption,string,UnityEngine.Object)
UnityEngine.DebugLogHandler:LogFormat (UnityEngine.LogType,UnityEngine.Object,string,object[]) (at C:/build/output/unity/unity/Runtime/Export/Logging/DebugLogHandler.cs:9)
UnityEngine.Logger:Log (UnityEngine.LogType,object) (at C:/build/output/unity/unity/Runtime/Export/Logging/Logger.cs:60)
UnityEngine.Debug:Log (object) (at C:/build/output/unity/unity/Runtime/Export/Debug/Debug.bindings.cs:123)
AIFarm.Presentation.RemoteAiGatewayClient:LogResponse (AIFarm.Npc.ResidentId,AIFarm.Ai.AiGatewayMode,bool) (at C:/学习/研究生/Elys AI/面试模拟题/AIFarm/My project/Assets/AIFarm/Presentation/RemoteAiGatewayClient.cs:627)
AIFarm.Presentation.RemoteAiGatewayClient:CompleteRemote<AIFarm.Ai.ResidentDecisionSpec> (AIFarm.Ai.AiGatewayResult`1<AIFarm.Ai.ResidentDecisionSpec>,System.Action`1<AIFarm.Ai.AiGatewayResult`1<AIFarm.Ai.ResidentDecisionSpec>>) (at C:/学习/研究生/Elys AI/面试模拟题/AIFarm/My project/Assets/AIFarm/Presentation/RemoteAiGatewayClient.cs:506)
AIFarm.Presentation.RemoteAiGatewayClient/<DecideResident>d__23:MoveNext () (at C:/学习/研究生/Elys AI/面试模拟题/AIFarm/My project/Assets/AIFarm/Presentation/RemoteAiGatewayClient.cs:410)
AIFarm.Ai.AiRequestCoordinator/<Coordinate>d__39`1<AIFarm.Ai.ResidentDecisionSpec>:MoveNext () (at C:/学习/研究生/Elys AI/面试模拟题/AIFarm/My project/Assets/AIFarm/Ai/AiRequestCoordinator.cs:441)
UnityEngine.SetupCoroutine:InvokeMoveNext (System.Collections.IEnumerator,intptr) (at C:/build/output/unity/unity/Runtime/Export/Scripting/Coroutines.cs:17)

(Filename: C:/build/output/unity/unity/Runtime/Export/Debug/Debug.bindings.cs Line: 123)

AI request residentId=resident-002 operation=resident-decision
UnityEngine.Debug:ExtractStackTraceNoAlloc (byte*,int,string)
UnityEngine.StackTraceUtility:ExtractStackTrace () (at C:/build/output/unity/unity/Runtime/Export/Scripting/StackTrace.cs:35)
UnityEngine.DebugLogHandler:Internal_Log (UnityEngine.LogType,UnityEngine.LogOption,string,UnityEngine.Object)
UnityEngine.DebugLogHandler:LogFormat (UnityEngine.LogType,UnityEngine.Object,string,object[]) (at C:/build/output/unity/unity/Runtime/Export/Logging/DebugLogHandler.cs:9)
UnityEngine.Logger:Log (UnityEngine.LogType,object) (at C:/build/output/unity/unity/Runtime/Export/Logging/Logger.cs:60)
UnityEngine.Debug:Log (object) (at C:/build/output/unity/unity/Runtime/Export/Debug/Debug.bindings.cs:123)
AIFarm.Presentation.RemoteAiGatewayClient:LogRequest (AIFarm.Npc.ResidentId,string) (at C:/学习/研究生/Elys AI/面试模拟题/AIFarm/My project/Assets/AIFarm/Presentation/RemoteAiGatewayClient.cs:618)
AIFarm.Presentation.RemoteAiGatewayClient/<DecideResident>d__23:MoveNext () (at C:/学习/研究生/Elys AI/面试模拟题/AIFarm/My project/Assets/AIFarm/Presentation/RemoteAiGatewayClient.cs:391)
AIFarm.Ai.AiRequestCoordinator/<Coordinate>d__39`1<AIFarm.Ai.ResidentDecisionSpec>:MoveNext () (at C:/学习/研究生/Elys AI/面试模拟题/AIFarm/My project/Assets/AIFarm/Ai/AiRequestCoordinator.cs:441)
UnityEngine.SetupCoroutine:InvokeMoveNext (System.Collections.IEnumerator,intptr) (at C:/build/output/unity/unity/Runtime/Export/Scripting/Coroutines.cs:17)

(Filename: C:/build/output/unity/unity/Runtime/Export/Debug/Debug.bindings.cs Line: 123)

AI response residentId=resident-002 source=Local succeeded=True
UnityEngine.Debug:ExtractStackTraceNoAlloc (byte*,int,string)
UnityEngine.StackTraceUtility:ExtractStackTrace () (at C:/build/output/unity/unity/Runtime/Export/Scripting/StackTrace.cs:35)
UnityEngine.DebugLogHandler:Internal_Log (UnityEngine.LogType,UnityEngine.LogOption,string,UnityEngine.Object)
UnityEngine.DebugLogHandler:LogFormat (UnityEngine.LogType,UnityEngine.Object,string,object[]) (at C:/build/output/unity/unity/Runtime/Export/Logging/DebugLogHandler.cs:9)
UnityEngine.Logger:Log (UnityEngine.LogType,object) (at C:/build/output/unity/unity/Runtime/Export/Logging/Logger.cs:60)
UnityEngine.Debug:Log (object) (at C:/build/output/unity/unity/Runtime/Export/Debug/Debug.bindings.cs:123)
AIFarm.Presentation.RemoteAiGatewayClient:LogResponse (AIFarm.Npc.ResidentId,AIFarm.Ai.AiGatewayMode,bool) (at C:/学习/研究生/Elys AI/面试模拟题/AIFarm/My project/Assets/AIFarm/Presentation/RemoteAiGatewayClient.cs:627)
AIFarm.Presentation.RemoteAiGatewayClient:CompleteRemote<AIFarm.Ai.ResidentDecisionSpec> (AIFarm.Ai.AiGatewayResult`1<AIFarm.Ai.ResidentDecisionSpec>,System.Action`1<AIFarm.Ai.AiGatewayResult`1<AIFarm.Ai.ResidentDecisionSpec>>) (at C:/学习/研究生/Elys AI/面试模拟题/AIFarm/My project/Assets/AIFarm/Presentation/RemoteAiGatewayClient.cs:506)
AIFarm.Presentation.RemoteAiGatewayClient/<DecideResident>d__23:MoveNext () (at C:/学习/研究生/Elys AI/面试模拟题/AIFarm/My project/Assets/AIFarm/Presentation/RemoteAiGatewayClient.cs:410)
AIFarm.Ai.AiRequestCoordinator/<Coordinate>d__39`1<AIFarm.Ai.ResidentDecisionSpec>:MoveNext () (at C:/学习/研究生/Elys AI/面试模拟题/AIFarm/My project/Assets/AIFarm/Ai/AiRequestCoordinator.cs:441)
UnityEngine.SetupCoroutine:InvokeMoveNext (System.Collections.IEnumerator,intptr) (at C:/build/output/unity/unity/Runtime/Export/Scripting/Coroutines.cs:17)

(Filename: C:/build/output/unity/unity/Runtime/Export/Debug/Debug.bindings.cs Line: 123)

AI request residentId=resident-003 operation=resident-decision
UnityEngine.Debug:ExtractStackTraceNoAlloc (byte*,int,string)
UnityEngine.StackTraceUtility:ExtractStackTrace () (at C:/build/output/unity/unity/Runtime/Export/Scripting/StackTrace.cs:35)
UnityEngine.DebugLogHandler:Internal_Log (UnityEngine.LogType,UnityEngine.LogOption,string,UnityEngine.Object)
UnityEngine.DebugLogHandler:LogFormat (UnityEngine.LogType,UnityEngine.Object,string,object[]) (at C:/build/output/unity/unity/Runtime/Export/Logging/DebugLogHandler.cs:9)
UnityEngine.Logger:Log (UnityEngine.LogType,object) (at C:/build/output/unity/unity/Runtime/Export/Logging/Logger.cs:60)
UnityEngine.Debug:Log (object) (at C:/build/output/unity/unity/Runtime/Export/Debug/Debug.bindings.cs:123)
AIFarm.Presentation.RemoteAiGatewayClient:LogRequest (AIFarm.Npc.ResidentId,string) (at C:/学习/研究生/Elys AI/面试模拟题/AIFarm/My project/Assets/AIFarm/Presentation/RemoteAiGatewayClient.cs:618)
AIFarm.Presentation.RemoteAiGatewayClient/<DecideResident>d__23:MoveNext () (at C:/学习/研究生/Elys AI/面试模拟题/AIFarm/My project/Assets/AIFarm/Presentation/RemoteAiGatewayClient.cs:391)
AIFarm.Ai.AiRequestCoordinator/<Coordinate>d__39`1<AIFarm.Ai.ResidentDecisionSpec>:MoveNext () (at C:/学习/研究生/Elys AI/面试模拟题/AIFarm/My project/Assets/AIFarm/Ai/AiRequestCoordinator.cs:441)
UnityEngine.SetupCoroutine:InvokeMoveNext (System.Collections.IEnumerator,intptr) (at C:/build/output/unity/unity/Runtime/Export/Scripting/Coroutines.cs:17)

(Filename: C:/build/output/unity/unity/Runtime/Export/Debug/Debug.bindings.cs Line: 123)

AI response residentId=resident-003 source=Local succeeded=True
UnityEngine.Debug:ExtractStackTraceNoAlloc (byte*,int,string)
UnityEngine.StackTraceUtility:ExtractStackTrace () (at C:/build/output/unity/unity/Runtime/Export/Scripting/StackTrace.cs:35)
UnityEngine.DebugLogHandler:Internal_Log (UnityEngine.LogType,UnityEngine.LogOption,string,UnityEngine.Object)
UnityEngine.DebugLogHandler:LogFormat (UnityEngine.LogType,UnityEngine.Object,string,object[]) (at C:/build/output/unity/unity/Runtime/Export/Logging/DebugLogHandler.cs:9)
UnityEngine.Logger:Log (UnityEngine.LogType,object) (at C:/build/output/unity/unity/Runtime/Export/Logging/Logger.cs:60)
UnityEngine.Debug:Log (object) (at C:/build/output/unity/unity/Runtime/Export/Debug/Debug.bindings.cs:123)
AIFarm.Presentation.RemoteAiGatewayClient:LogResponse (AIFarm.Npc.ResidentId,AIFarm.Ai.AiGatewayMode,bool) (at C:/学习/研究生/Elys AI/面试模拟题/AIFarm/My project/Assets/AIFarm/Presentation/RemoteAiGatewayClient.cs:627)
AIFarm.Presentation.RemoteAiGatewayClient:CompleteRemote<AIFarm.Ai.ResidentDecisionSpec> (AIFarm.Ai.AiGatewayResult`1<AIFarm.Ai.ResidentDecisionSpec>,System.Action`1<AIFarm.Ai.AiGatewayResult`1<AIFarm.Ai.ResidentDecisionSpec>>) (at C:/学习/研究生/Elys AI/面试模拟题/AIFarm/My project/Assets/AIFarm/Presentation/RemoteAiGatewayClient.cs:506)
AIFarm.Presentation.RemoteAiGatewayClient/<DecideResident>d__23:MoveNext () (at C:/学习/研究生/Elys AI/面试模拟题/AIFarm/My project/Assets/AIFarm/Presentation/RemoteAiGatewayClient.cs:410)
AIFarm.Ai.AiRequestCoordinator/<Coordinate>d__39`1<AIFarm.Ai.ResidentDecisionSpec>:MoveNext () (at C:/学习/研究生/Elys AI/面试模拟题/AIFarm/My project/Assets/AIFarm/Ai/AiRequestCoordinator.cs:441)
UnityEngine.SetupCoroutine:InvokeMoveNext (System.Collections.IEnumerator,intptr) (at C:/build/output/unity/unity/Runtime/Export/Scripting/Coroutines.cs:17)

(Filename: C:/build/output/unity/unity/Runtime/Export/Debug/Debug.bindings.cs Line: 123)

AI request residentId=resident-001 operation=resident-decision
UnityEngine.Debug:ExtractStackTraceNoAlloc (byte*,int,string)
UnityEngine.StackTraceUtility:ExtractStackTrace () (at C:/build/output/unity/unity/Runtime/Export/Scripting/StackTrace.cs:35)
UnityEngine.DebugLogHandler:Internal_Log (UnityEngine.LogType,UnityEngine.LogOption,string,UnityEngine.Object)
UnityEngine.DebugLogHandler:LogFormat (UnityEngine.LogType,UnityEngine.Object,string,object[]) (at C:/build/output/unity/unity/Runtime/Export/Logging/DebugLogHandler.cs:9)
UnityEngine.Logger:Log (UnityEngine.LogType,object) (at C:/build/output/unity/unity/Runtime/Export/Logging/Logger.cs:60)
UnityEngine.Debug:Log (object) (at C:/build/output/unity/unity/Runtime/Export/Debug/Debug.bindings.cs:123)
AIFarm.Presentation.RemoteAiGatewayClient:LogRequest (AIFarm.Npc.ResidentId,string) (at C:/学习/研究生/Elys AI/面试模拟题/AIFarm/My project/Assets/AIFarm/Presentation/RemoteAiGatewayClient.cs:618)
AIFarm.Presentation.RemoteAiGatewayClient/<DecideResident>d__23:MoveNext () (at C:/学习/研究生/Elys AI/面试模拟题/AIFarm/My project/Assets/AIFarm/Presentation/RemoteAiGatewayClient.cs:391)
AIFarm.Ai.AiRequestCoordinator/<Coordinate>d__39`1<AIFarm.Ai.ResidentDecisionSpec>:MoveNext () (at C:/学习/研究生/Elys AI/面试模拟题/AIFarm/My project/Assets/AIFarm/Ai/AiRequestCoordinator.cs:441)
UnityEngine.SetupCoroutine:InvokeMoveNext (System.Collections.IEnumerator,intptr) (at C:/build/output/unity/unity/Runtime/Export/Scripting/Coroutines.cs:17)

(Filename: C:/build/output/unity/unity/Runtime/Export/Debug/Debug.bindings.cs Line: 123)

AI response residentId=resident-001 source=Local succeeded=True
UnityEngine.Debug:ExtractStackTraceNoAlloc (byte*,int,string)
UnityEngine.StackTraceUtility:ExtractStackTrace () (at C:/build/output/unity/unity/Runtime/Export/Scripting/StackTrace.cs:35)
UnityEngine.DebugLogHandler:Internal_Log (UnityEngine.LogType,UnityEngine.LogOption,string,UnityEngine.Object)
UnityEngine.DebugLogHandler:LogFormat (UnityEngine.LogType,UnityEngine.Object,string,object[]) (at C:/build/output/unity/unity/Runtime/Export/Logging/DebugLogHandler.cs:9)
UnityEngine.Logger:Log (UnityEngine.LogType,object) (at C:/build/output/unity/unity/Runtime/Export/Logging/Logger.cs:60)
UnityEngine.Debug:Log (object) (at C:/build/output/unity/unity/Runtime/Export/Debug/Debug.bindings.cs:123)
AIFarm.Presentation.RemoteAiGatewayClient:LogResponse (AIFarm.Npc.ResidentId,AIFarm.Ai.AiGatewayMode,bool) (at C:/学习/研究生/Elys AI/面试模拟题/AIFarm/My project/Assets/AIFarm/Presentation/RemoteAiGatewayClient.cs:627)
AIFarm.Presentation.RemoteAiGatewayClient:CompleteRemote<AIFarm.Ai.ResidentDecisionSpec> (AIFarm.Ai.AiGatewayResult`1<AIFarm.Ai.ResidentDecisionSpec>,System.Action`1<AIFarm.Ai.AiGatewayResult`1<AIFarm.Ai.ResidentDecisionSpec>>) (at C:/学习/研究生/Elys AI/面试模拟题/AIFarm/My project/Assets/AIFarm/Presentation/RemoteAiGatewayClient.cs:506)
AIFarm.Presentation.RemoteAiGatewayClient/<DecideResident>d__23:MoveNext () (at C:/学习/研究生/Elys AI/面试模拟题/AIFarm/My project/Assets/AIFarm/Presentation/RemoteAiGatewayClient.cs:410)
AIFarm.Ai.AiRequestCoordinator/<Coordinate>d__39`1<AIFarm.Ai.ResidentDecisionSpec>:MoveNext () (at C:/学习/研究生/Elys AI/面试模拟题/AIFarm/My project/Assets/AIFarm/Ai/AiRequestCoordinator.cs:441)
UnityEngine.SetupCoroutine:InvokeMoveNext (System.Collections.IEnumerator,intptr) (at C:/build/output/unity/unity/Runtime/Export/Scripting/Coroutines.cs:17)

(Filename: C:/build/output/unity/unity/Runtime/Export/Debug/Debug.bindings.cs Line: 123)

AI request residentId=resident-002 operation=resident-decision
UnityEngine.Debug:ExtractStackTraceNoAlloc (byte*,int,string)
UnityEngine.StackTraceUtility:ExtractStackTrace () (at C:/build/output/unity/unity/Runtime/Export/Scripting/StackTrace.cs:35)
UnityEngine.DebugLogHandler:Internal_Log (UnityEngine.LogType,UnityEngine.LogOption,string,UnityEngine.Object)
UnityEngine.DebugLogHandler:LogFormat (UnityEngine.LogType,UnityEngine.Object,string,object[]) (at C:/build/output/unity/unity/Runtime/Export/Logging/DebugLogHandler.cs:9)
UnityEngine.Logger:Log (UnityEngine.LogType,object) (at C:/build/output/unity/unity/Runtime/Export/Logging/Logger.cs:60)
UnityEngine.Debug:Log (object) (at C:/build/output/unity/unity/Runtime/Export/Debug/Debug.bindings.cs:123)
AIFarm.Presentation.RemoteAiGatewayClient:LogRequest (AIFarm.Npc.ResidentId,string) (at C:/学习/研究生/Elys AI/面试模拟题/AIFarm/My project/Assets/AIFarm/Presentation/RemoteAiGatewayClient.cs:618)
AIFarm.Presentation.RemoteAiGatewayClient/<DecideResident>d__23:MoveNext () (at C:/学习/研究生/Elys AI/面试模拟题/AIFarm/My project/Assets/AIFarm/Presentation/RemoteAiGatewayClient.cs:391)
AIFarm.Ai.AiRequestCoordinator/<Coordinate>d__39`1<AIFarm.Ai.ResidentDecisionSpec>:MoveNext () (at C:/学习/研究生/Elys AI/面试模拟题/AIFarm/My project/Assets/AIFarm/Ai/AiRequestCoordinator.cs:441)
UnityEngine.SetupCoroutine:InvokeMoveNext (System.Collections.IEnumerator,intptr) (at C:/build/output/unity/unity/Runtime/Export/Scripting/Coroutines.cs:17)

(Filename: C:/build/output/unity/unity/Runtime/Export/Debug/Debug.bindings.cs Line: 123)

AI response residentId=resident-002 source=Local succeeded=True
UnityEngine.Debug:ExtractStackTraceNoAlloc (byte*,int,string)
UnityEngine.StackTraceUtility:ExtractStackTrace () (at C:/build/output/unity/unity/Runtime/Export/Scripting/StackTrace.cs:35)
UnityEngine.DebugLogHandler:Internal_Log (UnityEngine.LogType,UnityEngine.LogOption,string,UnityEngine.Object)
UnityEngine.DebugLogHandler:LogFormat (UnityEngine.LogType,UnityEngine.Object,string,object[]) (at C:/build/output/unity/unity/Runtime/Export/Logging/DebugLogHandler.cs:9)
UnityEngine.Logger:Log (UnityEngine.LogType,object) (at C:/build/output/unity/unity/Runtime/Export/Logging/Logger.cs:60)
UnityEngine.Debug:Log (object) (at C:/build/output/unity/unity/Runtime/Export/Debug/Debug.bindings.cs:123)
AIFarm.Presentation.RemoteAiGatewayClient:LogResponse (AIFarm.Npc.ResidentId,AIFarm.Ai.AiGatewayMode,bool) (at C:/学习/研究生/Elys AI/面试模拟题/AIFarm/My project/Assets/AIFarm/Presentation/RemoteAiGatewayClient.cs:627)
AIFarm.Presentation.RemoteAiGatewayClient:CompleteRemote<AIFarm.Ai.ResidentDecisionSpec> (AIFarm.Ai.AiGatewayResult`1<AIFarm.Ai.ResidentDecisionSpec>,System.Action`1<AIFarm.Ai.AiGatewayResult`1<AIFarm.Ai.ResidentDecisionSpec>>) (at C:/学习/研究生/Elys AI/面试模拟题/AIFarm/My project/Assets/AIFarm/Presentation/RemoteAiGatewayClient.cs:506)
AIFarm.Presentation.RemoteAiGatewayClient/<DecideResident>d__23:MoveNext () (at C:/学习/研究生/Elys AI/面试模拟题/AIFarm/My project/Assets/AIFarm/Presentation/RemoteAiGatewayClient.cs:410)
AIFarm.Ai.AiRequestCoordinator/<Coordinate>d__39`1<AIFarm.Ai.ResidentDecisionSpec>:MoveNext () (at C:/学习/研究生/Elys AI/面试模拟题/AIFarm/My project/Assets/AIFarm/Ai/AiRequestCoordinator.cs:441)
UnityEngine.SetupCoroutine:InvokeMoveNext (System.Collections.IEnumerator,intptr) (at C:/build/output/unity/unity/Runtime/Export/Scripting/Coroutines.cs:17)

(Filename: C:/build/output/unity/unity/Runtime/Export/Debug/Debug.bindings.cs Line: 123)

AI request residentId=resident-004 operation=resident-decision
UnityEngine.Debug:ExtractStackTraceNoAlloc (byte*,int,string)
UnityEngine.StackTraceUtility:ExtractStackTrace () (at C:/build/output/unity/unity/Runtime/Export/Scripting/StackTrace.cs:35)
UnityEngine.DebugLogHandler:Internal_Log (UnityEngine.LogType,UnityEngine.LogOption,string,UnityEngine.Object)
UnityEngine.DebugLogHandler:LogFormat (UnityEngine.LogType,UnityEngine.Object,string,object[]) (at C:/build/output/unity/unity/Runtime/Export/Logging/DebugLogHandler.cs:9)
UnityEngine.Logger:Log (UnityEngine.LogType,object) (at C:/build/output/unity/unity/Runtime/Export/Logging/Logger.cs:60)
UnityEngine.Debug:Log (object) (at C:/build/output/unity/unity/Runtime/Export/Debug/Debug.bindings.cs:123)
AIFarm.Presentation.RemoteAiGatewayClient:LogRequest (AIFarm.Npc.ResidentId,string) (at C:/学习/研究生/Elys AI/面试模拟题/AIFarm/My project/Assets/AIFarm/Presentation/RemoteAiGatewayClient.cs:618)
AIFarm.Presentation.RemoteAiGatewayClient/<DecideResident>d__23:MoveNext () (at C:/学习/研究生/Elys AI/面试模拟题/AIFarm/My project/Assets/AIFarm/Presentation/RemoteAiGatewayClient.cs:391)
AIFarm.Ai.AiRequestCoordinator/<Coordinate>d__39`1<AIFarm.Ai.ResidentDecisionSpec>:MoveNext () (at C:/学习/研究生/Elys AI/面试模拟题/AIFarm/My project/Assets/AIFarm/Ai/AiRequestCoordinator.cs:441)
UnityEngine.SetupCoroutine:InvokeMoveNext (System.Collections.IEnumerator,intptr) (at C:/build/output/unity/unity/Runtime/Export/Scripting/Coroutines.cs:17)

(Filename: C:/build/output/unity/unity/Runtime/Export/Debug/Debug.bindings.cs Line: 123)

AI response residentId=resident-004 source=Local succeeded=True
UnityEngine.Debug:ExtractStackTraceNoAlloc (byte*,int,string)
UnityEngine.StackTraceUtility:ExtractStackTrace () (at C:/build/output/unity/unity/Runtime/Export/Scripting/StackTrace.cs:35)
UnityEngine.DebugLogHandler:Internal_Log (UnityEngine.LogType,UnityEngine.LogOption,string,UnityEngine.Object)
UnityEngine.DebugLogHandler:LogFormat (UnityEngine.LogType,UnityEngine.Object,string,object[]) (at C:/build/output/unity/unity/Runtime/Export/Logging/DebugLogHandler.cs:9)
UnityEngine.Logger:Log (UnityEngine.LogType,object) (at C:/build/output/unity/unity/Runtime/Export/Logging/Logger.cs:60)
UnityEngine.Debug:Log (object) (at C:/build/output/unity/unity/Runtime/Export/Debug/Debug.bindings.cs:123)
AIFarm.Presentation.RemoteAiGatewayClient:LogResponse (AIFarm.Npc.ResidentId,AIFarm.Ai.AiGatewayMode,bool) (at C:/学习/研究生/Elys AI/面试模拟题/AIFarm/My project/Assets/AIFarm/Presentation/RemoteAiGatewayClient.cs:627)
AIFarm.Presentation.RemoteAiGatewayClient:CompleteRemote<AIFarm.Ai.ResidentDecisionSpec> (AIFarm.Ai.AiGatewayResult`1<AIFarm.Ai.ResidentDecisionSpec>,System.Action`1<AIFarm.Ai.AiGatewayResult`1<AIFarm.Ai.ResidentDecisionSpec>>) (at C:/学习/研究生/Elys AI/面试模拟题/AIFarm/My project/Assets/AIFarm/Presentation/RemoteAiGatewayClient.cs:506)
AIFarm.Presentation.RemoteAiGatewayClient/<DecideResident>d__23:MoveNext () (at C:/学习/研究生/Elys AI/面试模拟题/AIFarm/My project/Assets/AIFarm/Presentation/RemoteAiGatewayClient.cs:410)
AIFarm.Ai.AiRequestCoordinator/<Coordinate>d__39`1<AIFarm.Ai.ResidentDecisionSpec>:MoveNext () (at C:/学习/研究生/Elys AI/面试模拟题/AIFarm/My project/Assets/AIFarm/Ai/AiRequestCoordinator.cs:441)
UnityEngine.SetupCoroutine:InvokeMoveNext (System.Collections.IEnumerator,intptr) (at C:/build/output/unity/unity/Runtime/Export/Scripting/Coroutines.cs:17)

(Filename: C:/build/output/unity/unity/Runtime/Export/Debug/Debug.bindings.cs Line: 123)

AI request residentId=resident-003 operation=resident-decision
UnityEngine.Debug:ExtractStackTraceNoAlloc (byte*,int,string)
UnityEngine.StackTraceUtility:ExtractStackTrace () (at C:/build/output/unity/unity/Runtime/Export/Scripting/StackTrace.cs:35)
UnityEngine.DebugLogHandler:Internal_Log (UnityEngine.LogType,UnityEngine.LogOption,string,UnityEngine.Object)
UnityEngine.DebugLogHandler:LogFormat (UnityEngine.LogType,UnityEngine.Object,string,object[]) (at C:/build/output/unity/unity/Runtime/Export/Logging/DebugLogHandler.cs:9)
UnityEngine.Logger:Log (UnityEngine.LogType,object) (at C:/build/output/unity/unity/Runtime/Export/Logging/Logger.cs:60)
UnityEngine.Debug:Log (object) (at C:/build/output/unity/unity/Runtime/Export/Debug/Debug.bindings.cs:123)
AIFarm.Presentation.RemoteAiGatewayClient:LogRequest (AIFarm.Npc.ResidentId,string) (at C:/学习/研究生/Elys AI/面试模拟题/AIFarm/My project/Assets/AIFarm/Presentation/RemoteAiGatewayClient.cs:618)
AIFarm.Presentation.RemoteAiGatewayClient/<DecideResident>d__23:MoveNext () (at C:/学习/研究生/Elys AI/面试模拟题/AIFarm/My project/Assets/AIFarm/Presentation/RemoteAiGatewayClient.cs:391)
AIFarm.Ai.AiRequestCoordinator/<Coordinate>d__39`1<AIFarm.Ai.ResidentDecisionSpec>:MoveNext () (at C:/学习/研究生/Elys AI/面试模拟题/AIFarm/My project/Assets/AIFarm/Ai/AiRequestCoordinator.cs:441)
UnityEngine.SetupCoroutine:InvokeMoveNext (System.Collections.IEnumerator,intptr) (at C:/build/output/unity/unity/Runtime/Export/Scripting/Coroutines.cs:17)

(Filename: C:/build/output/unity/unity/Runtime/Export/Debug/Debug.bindings.cs Line: 123)

AI response residentId=resident-003 source=Local succeeded=True
UnityEngine.Debug:ExtractStackTraceNoAlloc (byte*,int,string)
UnityEngine.StackTraceUtility:ExtractStackTrace () (at C:/build/output/unity/unity/Runtime/Export/Scripting/StackTrace.cs:35)
UnityEngine.DebugLogHandler:Internal_Log (UnityEngine.LogType,UnityEngine.LogOption,string,UnityEngine.Object)
UnityEngine.DebugLogHandler:LogFormat (UnityEngine.LogType,UnityEngine.Object,string,object[]) (at C:/build/output/unity/unity/Runtime/Export/Logging/DebugLogHandler.cs:9)
UnityEngine.Logger:Log (UnityEngine.LogType,object) (at C:/build/output/unity/unity/Runtime/Export/Logging/Logger.cs:60)
UnityEngine.Debug:Log (object) (at C:/build/output/unity/unity/Runtime/Export/Debug/Debug.bindings.cs:123)
AIFarm.Presentation.RemoteAiGatewayClient:LogResponse (AIFarm.Npc.ResidentId,AIFarm.Ai.AiGatewayMode,bool) (at C:/学习/研究生/Elys AI/面试模拟题/AIFarm/My project/Assets/AIFarm/Presentation/RemoteAiGatewayClient.cs:627)
AIFarm.Presentation.RemoteAiGatewayClient:CompleteRemote<AIFarm.Ai.ResidentDecisionSpec> (AIFarm.Ai.AiGatewayResult`1<AIFarm.Ai.ResidentDecisionSpec>,System.Action`1<AIFarm.Ai.AiGatewayResult`1<AIFarm.Ai.ResidentDecisionSpec>>) (at C:/学习/研究生/Elys AI/面试模拟题/AIFarm/My project/Assets/AIFarm/Presentation/RemoteAiGatewayClient.cs:506)
AIFarm.Presentation.RemoteAiGatewayClient/<DecideResident>d__23:MoveNext () (at C:/学习/研究生/Elys AI/面试模拟题/AIFarm/My project/Assets/AIFarm/Presentation/RemoteAiGatewayClient.cs:410)
AIFarm.Ai.AiRequestCoordinator/<Coordinate>d__39`1<AIFarm.Ai.ResidentDecisionSpec>:MoveNext () (at C:/学习/研究生/Elys AI/面试模拟题/AIFarm/My project/Assets/AIFarm/Ai/AiRequestCoordinator.cs:441)
UnityEngine.SetupCoroutine:InvokeMoveNext (System.Collections.IEnumerator,intptr) (at C:/build/output/unity/unity/Runtime/Export/Scripting/Coroutines.cs:17)

(Filename: C:/build/output/unity/unity/Runtime/Export/Debug/Debug.bindings.cs Line: 123)

AI request residentId=resident-004 operation=resident-decision
UnityEngine.Debug:ExtractStackTraceNoAlloc (byte*,int,string)
UnityEngine.StackTraceUtility:ExtractStackTrace () (at C:/build/output/unity/unity/Runtime/Export/Scripting/StackTrace.cs:35)
UnityEngine.DebugLogHandler:Internal_Log (UnityEngine.LogType,UnityEngine.LogOption,string,UnityEngine.Object)
UnityEngine.DebugLogHandler:LogFormat (UnityEngine.LogType,UnityEngine.Object,string,object[]) (at C:/build/output/unity/unity/Runtime/Export/Logging/DebugLogHandler.cs:9)
UnityEngine.Logger:Log (UnityEngine.LogType,object) (at C:/build/output/unity/unity/Runtime/Export/Logging/Logger.cs:60)
UnityEngine.Debug:Log (object) (at C:/build/output/unity/unity/Runtime/Export/Debug/Debug.bindings.cs:123)
AIFarm.Presentation.RemoteAiGatewayClient:LogRequest (AIFarm.Npc.ResidentId,string) (at C:/学习/研究生/Elys AI/面试模拟题/AIFarm/My project/Assets/AIFarm/Presentation/RemoteAiGatewayClient.cs:618)
AIFarm.Presentation.RemoteAiGatewayClient/<DecideResident>d__23:MoveNext () (at C:/学习/研究生/Elys AI/面试模拟题/AIFarm/My project/Assets/AIFarm/Presentation/RemoteAiGatewayClient.cs:391)
AIFarm.Ai.AiRequestCoordinator/<Coordinate>d__39`1<AIFarm.Ai.ResidentDecisionSpec>:MoveNext () (at C:/学习/研究生/Elys AI/面试模拟题/AIFarm/My project/Assets/AIFarm/Ai/AiRequestCoordinator.cs:441)
UnityEngine.SetupCoroutine:InvokeMoveNext (System.Collections.IEnumerator,intptr) (at C:/build/output/unity/unity/Runtime/Export/Scripting/Coroutines.cs:17)

(Filename: C:/build/output/unity/unity/Runtime/Export/Debug/Debug.bindings.cs Line: 123)

AI response residentId=resident-004 source=Local succeeded=True
UnityEngine.Debug:ExtractStackTraceNoAlloc (byte*,int,string)
UnityEngine.StackTraceUtility:ExtractStackTrace () (at C:/build/output/unity/unity/Runtime/Export/Scripting/StackTrace.cs:35)
UnityEngine.DebugLogHandler:Internal_Log (UnityEngine.LogType,UnityEngine.LogOption,string,UnityEngine.Object)
UnityEngine.DebugLogHandler:LogFormat (UnityEngine.LogType,UnityEngine.Object,string,object[]) (at C:/build/output/unity/unity/Runtime/Export/Logging/DebugLogHandler.cs:9)
UnityEngine.Logger:Log (UnityEngine.LogType,object) (at C:/build/output/unity/unity/Runtime/Export/Logging/Logger.cs:60)
UnityEngine.Debug:Log (object) (at C:/build/output/unity/unity/Runtime/Export/Debug/Debug.bindings.cs:123)
AIFarm.Presentation.RemoteAiGatewayClient:LogResponse (AIFarm.Npc.ResidentId,AIFarm.Ai.AiGatewayMode,bool) (at C:/学习/研究生/Elys AI/面试模拟题/AIFarm/My project/Assets/AIFarm/Presentation/RemoteAiGatewayClient.cs:627)
AIFarm.Presentation.RemoteAiGatewayClient:CompleteRemote<AIFarm.Ai.ResidentDecisionSpec> (AIFarm.Ai.AiGatewayResult`1<AIFarm.Ai.ResidentDecisionSpec>,System.Action`1<AIFarm.Ai.AiGatewayResult`1<AIFarm.Ai.ResidentDecisionSpec>>) (at C:/学习/研究生/Elys AI/面试模拟题/AIFarm/My project/Assets/AIFarm/Presentation/RemoteAiGatewayClient.cs:506)
AIFarm.Presentation.RemoteAiGatewayClient/<DecideResident>d__23:MoveNext () (at C:/学习/研究生/Elys AI/面试模拟题/AIFarm/My project/Assets/AIFarm/Presentation/RemoteAiGatewayClient.cs:410)
AIFarm.Ai.AiRequestCoordinator/<Coordinate>d__39`1<AIFarm.Ai.ResidentDecisionSpec>:MoveNext () (at C:/学习/研究生/Elys AI/面试模拟题/AIFarm/My project/Assets/AIFarm/Ai/AiRequestCoordinator.cs:441)
UnityEngine.SetupCoroutine:InvokeMoveNext (System.Collections.IEnumerator,intptr) (at C:/build/output/unity/unity/Runtime/Export/Scripting/Coroutines.cs:17)

(Filename: C:/build/output/unity/unity/Runtime/Export/Debug/Debug.bindings.cs Line: 123)

AI request residentId=resident-001 operation=resident-decision
UnityEngine.Debug:ExtractStackTraceNoAlloc (byte*,int,string)
UnityEngine.StackTraceUtility:ExtractStackTrace () (at C:/build/output/unity/unity/Runtime/Export/Scripting/StackTrace.cs:35)
UnityEngine.DebugLogHandler:Internal_Log (UnityEngine.LogType,UnityEngine.LogOption,string,UnityEngine.Object)
UnityEngine.DebugLogHandler:LogFormat (UnityEngine.LogType,UnityEngine.Object,string,object[]) (at C:/build/output/unity/unity/Runtime/Export/Logging/DebugLogHandler.cs:9)
UnityEngine.Logger:Log (UnityEngine.LogType,object) (at C:/build/output/unity/unity/Runtime/Export/Logging/Logger.cs:60)
UnityEngine.Debug:Log (object) (at C:/build/output/unity/unity/Runtime/Export/Debug/Debug.bindings.cs:123)
AIFarm.Presentation.RemoteAiGatewayClient:LogRequest (AIFarm.Npc.ResidentId,string) (at C:/学习/研究生/Elys AI/面试模拟题/AIFarm/My project/Assets/AIFarm/Presentation/RemoteAiGatewayClient.cs:618)
AIFarm.Presentation.RemoteAiGatewayClient/<DecideResident>d__23:MoveNext () (at C:/学习/研究生/Elys AI/面试模拟题/AIFarm/My project/Assets/AIFarm/Presentation/RemoteAiGatewayClient.cs:391)
AIFarm.Ai.AiRequestCoordinator/<Coordinate>d__39`1<AIFarm.Ai.ResidentDecisionSpec>:MoveNext () (at C:/学习/研究生/Elys AI/面试模拟题/AIFarm/My project/Assets/AIFarm/Ai/AiRequestCoordinator.cs:441)
UnityEngine.SetupCoroutine:InvokeMoveNext (System.Collections.IEnumerator,intptr) (at C:/build/output/unity/unity/Runtime/Export/Scripting/Coroutines.cs:17)

(Filename: C:/build/output/unity/unity/Runtime/Export/Debug/Debug.bindings.cs Line: 123)

AI response residentId=resident-001 source=Local succeeded=True
UnityEngine.Debug:ExtractStackTraceNoAlloc (byte*,int,string)
UnityEngine.StackTraceUtility:ExtractStackTrace () (at C:/build/output/unity/unity/Runtime/Export/Scripting/StackTrace.cs:35)
UnityEngine.DebugLogHandler:Internal_Log (UnityEngine.LogType,UnityEngine.LogOption,string,UnityEngine.Object)
UnityEngine.DebugLogHandler:LogFormat (UnityEngine.LogType,UnityEngine.Object,string,object[]) (at C:/build/output/unity/unity/Runtime/Export/Logging/DebugLogHandler.cs:9)
UnityEngine.Logger:Log (UnityEngine.LogType,object) (at C:/build/output/unity/unity/Runtime/Export/Logging/Logger.cs:60)
UnityEngine.Debug:Log (object) (at C:/build/output/unity/unity/Runtime/Export/Debug/Debug.bindings.cs:123)
AIFarm.Presentation.RemoteAiGatewayClient:LogResponse (AIFarm.Npc.ResidentId,AIFarm.Ai.AiGatewayMode,bool) (at C:/学习/研究生/Elys AI/面试模拟题/AIFarm/My project/Assets/AIFarm/Presentation/RemoteAiGatewayClient.cs:627)
AIFarm.Presentation.RemoteAiGatewayClient:CompleteRemote<AIFarm.Ai.ResidentDecisionSpec> (AIFarm.Ai.AiGatewayResult`1<AIFarm.Ai.ResidentDecisionSpec>,System.Action`1<AIFarm.Ai.AiGatewayResult`1<AIFarm.Ai.ResidentDecisionSpec>>) (at C:/学习/研究生/Elys AI/面试模拟题/AIFarm/My project/Assets/AIFarm/Presentation/RemoteAiGatewayClient.cs:506)
AIFarm.Presentation.RemoteAiGatewayClient/<DecideResident>d__23:MoveNext () (at C:/学习/研究生/Elys AI/面试模拟题/AIFarm/My project/Assets/AIFarm/Presentation/RemoteAiGatewayClient.cs:410)
AIFarm.Ai.AiRequestCoordinator/<Coordinate>d__39`1<AIFarm.Ai.ResidentDecisionSpec>:MoveNext () (at C:/学习/研究生/Elys AI/面试模拟题/AIFarm/My project/Assets/AIFarm/Ai/AiRequestCoordinator.cs:441)
UnityEngine.SetupCoroutine:InvokeMoveNext (System.Collections.IEnumerator,intptr) (at C:/build/output/unity/unity/Runtime/Export/Scripting/Coroutines.cs:17)

(Filename: C:/build/output/unity/unity/Runtime/Export/Debug/Debug.bindings.cs Line: 123)

AI request residentId=resident-002 operation=resident-decision
UnityEngine.Debug:ExtractStackTraceNoAlloc (byte*,int,string)
UnityEngine.StackTraceUtility:ExtractStackTrace () (at C:/build/output/unity/unity/Runtime/Export/Scripting/StackTrace.cs:35)
UnityEngine.DebugLogHandler:Internal_Log (UnityEngine.LogType,UnityEngine.LogOption,string,UnityEngine.Object)
UnityEngine.DebugLogHandler:LogFormat (UnityEngine.LogType,UnityEngine.Object,string,object[]) (at C:/build/output/unity/unity/Runtime/Export/Logging/DebugLogHandler.cs:9)
UnityEngine.Logger:Log (UnityEngine.LogType,object) (at C:/build/output/unity/unity/Runtime/Export/Logging/Logger.cs:60)
UnityEngine.Debug:Log (object) (at C:/build/output/unity/unity/Runtime/Export/Debug/Debug.bindings.cs:123)
AIFarm.Presentation.RemoteAiGatewayClient:LogRequest (AIFarm.Npc.ResidentId,string) (at C:/学习/研究生/Elys AI/面试模拟题/AIFarm/My project/Assets/AIFarm/Presentation/RemoteAiGatewayClient.cs:618)
AIFarm.Presentation.RemoteAiGatewayClient/<DecideResident>d__23:MoveNext () (at C:/学习/研究生/Elys AI/面试模拟题/AIFarm/My project/Assets/AIFarm/Presentation/RemoteAiGatewayClient.cs:391)
AIFarm.Ai.AiRequestCoordinator/<Coordinate>d__39`1<AIFarm.Ai.ResidentDecisionSpec>:MoveNext () (at C:/学习/研究生/Elys AI/面试模拟题/AIFarm/My project/Assets/AIFarm/Ai/AiRequestCoordinator.cs:441)
UnityEngine.SetupCoroutine:InvokeMoveNext (System.Collections.IEnumerator,intptr) (at C:/build/output/unity/unity/Runtime/Export/Scripting/Coroutines.cs:17)

(Filename: C:/build/output/unity/unity/Runtime/Export/Debug/Debug.bindings.cs Line: 123)

AI response residentId=resident-002 source=Local succeeded=True
UnityEngine.Debug:ExtractStackTraceNoAlloc (byte*,int,string)
UnityEngine.StackTraceUtility:ExtractStackTrace () (at C:/build/output/unity/unity/Runtime/Export/Scripting/StackTrace.cs:35)
UnityEngine.DebugLogHandler:Internal_Log (UnityEngine.LogType,UnityEngine.LogOption,string,UnityEngine.Object)
UnityEngine.DebugLogHandler:LogFormat (UnityEngine.LogType,UnityEngine.Object,string,object[]) (at C:/build/output/unity/unity/Runtime/Export/Logging/DebugLogHandler.cs:9)
UnityEngine.Logger:Log (UnityEngine.LogType,object) (at C:/build/output/unity/unity/Runtime/Export/Logging/Logger.cs:60)
UnityEngine.Debug:Log (object) (at C:/build/output/unity/unity/Runtime/Export/Debug/Debug.bindings.cs:123)
AIFarm.Presentation.RemoteAiGatewayClient:LogResponse (AIFarm.Npc.ResidentId,AIFarm.Ai.AiGatewayMode,bool) (at C:/学习/研究生/Elys AI/面试模拟题/AIFarm/My project/Assets/AIFarm/Presentation/RemoteAiGatewayClient.cs:627)
AIFarm.Presentation.RemoteAiGatewayClient:CompleteRemote<AIFarm.Ai.ResidentDecisionSpec> (AIFarm.Ai.AiGatewayResult`1<AIFarm.Ai.ResidentDecisionSpec>,System.Action`1<AIFarm.Ai.AiGatewayResult`1<AIFarm.Ai.ResidentDecisionSpec>>) (at C:/学习/研究生/Elys AI/面试模拟题/AIFarm/My project/Assets/AIFarm/Presentation/RemoteAiGatewayClient.cs:506)
AIFarm.Presentation.RemoteAiGatewayClient/<DecideResident>d__23:MoveNext () (at C:/学习/研究生/Elys AI/面试模拟题/AIFarm/My project/Assets/AIFarm/Presentation/RemoteAiGatewayClient.cs:410)
AIFarm.Ai.AiRequestCoordinator/<Coordinate>d__39`1<AIFarm.Ai.ResidentDecisionSpec>:MoveNext () (at C:/学习/研究生/Elys AI/面试模拟题/AIFarm/My project/Assets/AIFarm/Ai/AiRequestCoordinator.cs:441)
UnityEngine.SetupCoroutine:InvokeMoveNext (System.Collections.IEnumerator,intptr) (at C:/build/output/unity/unity/Runtime/Export/Scripting/Coroutines.cs:17)

(Filename: C:/build/output/unity/unity/Runtime/Export/Debug/Debug.bindings.cs Line: 123)

AI request residentId=resident-003 operation=resident-decision
UnityEngine.Debug:ExtractStackTraceNoAlloc (byte*,int,string)
UnityEngine.StackTraceUtility:ExtractStackTrace () (at C:/build/output/unity/unity/Runtime/Export/Scripting/StackTrace.cs:35)
UnityEngine.DebugLogHandler:Internal_Log (UnityEngine.LogType,UnityEngine.LogOption,string,UnityEngine.Object)
UnityEngine.DebugLogHandler:LogFormat (UnityEngine.LogType,UnityEngine.Object,string,object[]) (at C:/build/output/unity/unity/Runtime/Export/Logging/DebugLogHandler.cs:9)
UnityEngine.Logger:Log (UnityEngine.LogType,object) (at C:/build/output/unity/unity/Runtime/Export/Logging/Logger.cs:60)
UnityEngine.Debug:Log (object) (at C:/build/output/unity/unity/Runtime/Export/Debug/Debug.bindings.cs:123)
AIFarm.Presentation.RemoteAiGatewayClient:LogRequest (AIFarm.Npc.ResidentId,string) (at C:/学习/研究生/Elys AI/面试模拟题/AIFarm/My project/Assets/AIFarm/Presentation/RemoteAiGatewayClient.cs:618)
AIFarm.Presentation.RemoteAiGatewayClient/<DecideResident>d__23:MoveNext () (at C:/学习/研究生/Elys AI/面试模拟题/AIFarm/My project/Assets/AIFarm/Presentation/RemoteAiGatewayClient.cs:391)
AIFarm.Ai.AiRequestCoordinator/<Coordinate>d__39`1<AIFarm.Ai.ResidentDecisionSpec>:MoveNext () (at C:/学习/研究生/Elys AI/面试模拟题/AIFarm/My project/Assets/AIFarm/Ai/AiRequestCoordinator.cs:441)
UnityEngine.SetupCoroutine:InvokeMoveNext (System.Collections.IEnumerator,intptr) (at C:/build/output/unity/unity/Runtime/Export/Scripting/Coroutines.cs:17)

(Filename: C:/build/output/unity/unity/Runtime/Export/Debug/Debug.bindings.cs Line: 123)

AI response residentId=resident-003 source=Local succeeded=True
UnityEngine.Debug:ExtractStackTraceNoAlloc (byte*,int,string)
UnityEngine.StackTraceUtility:ExtractStackTrace () (at C:/build/output/unity/unity/Runtime/Export/Scripting/StackTrace.cs:35)
UnityEngine.DebugLogHandler:Internal_Log (UnityEngine.LogType,UnityEngine.LogOption,string,UnityEngine.Object)
UnityEngine.DebugLogHandler:LogFormat (UnityEngine.LogType,UnityEngine.Object,string,object[]) (at C:/build/output/unity/unity/Runtime/Export/Logging/DebugLogHandler.cs:9)
UnityEngine.Logger:Log (UnityEngine.LogType,object) (at C:/build/output/unity/unity/Runtime/Export/Logging/Logger.cs:60)
UnityEngine.Debug:Log (object) (at C:/build/output/unity/unity/Runtime/Export/Debug/Debug.bindings.cs:123)
AIFarm.Presentation.RemoteAiGatewayClient:LogResponse (AIFarm.Npc.ResidentId,AIFarm.Ai.AiGatewayMode,bool) (at C:/学习/研究生/Elys AI/面试模拟题/AIFarm/My project/Assets/AIFarm/Presentation/RemoteAiGatewayClient.cs:627)
AIFarm.Presentation.RemoteAiGatewayClient:CompleteRemote<AIFarm.Ai.ResidentDecisionSpec> (AIFarm.Ai.AiGatewayResult`1<AIFarm.Ai.ResidentDecisionSpec>,System.Action`1<AIFarm.Ai.AiGatewayResult`1<AIFarm.Ai.ResidentDecisionSpec>>) (at C:/学习/研究生/Elys AI/面试模拟题/AIFarm/My project/Assets/AIFarm/Presentation/RemoteAiGatewayClient.cs:506)
AIFarm.Presentation.RemoteAiGatewayClient/<DecideResident>d__23:MoveNext () (at C:/学习/研究生/Elys AI/面试模拟题/AIFarm/My project/Assets/AIFarm/Presentation/RemoteAiGatewayClient.cs:410)
AIFarm.Ai.AiRequestCoordinator/<Coordinate>d__39`1<AIFarm.Ai.ResidentDecisionSpec>:MoveNext () (at C:/学习/研究生/Elys AI/面试模拟题/AIFarm/My project/Assets/AIFarm/Ai/AiRequestCoordinator.cs:441)
UnityEngine.SetupCoroutine:InvokeMoveNext (System.Collections.IEnumerator,intptr) (at C:/build/output/unity/unity/Runtime/Export/Scripting/Coroutines.cs:17)

(Filename: C:/build/output/unity/unity/Runtime/Export/Debug/Debug.bindings.cs Line: 123)

AI request residentId=resident-001 operation=resident-decision
UnityEngine.Debug:ExtractStackTraceNoAlloc (byte*,int,string)
UnityEngine.StackTraceUtility:ExtractStackTrace () (at C:/build/output/unity/unity/Runtime/Export/Scripting/StackTrace.cs:35)
UnityEngine.DebugLogHandler:Internal_Log (UnityEngine.LogType,UnityEngine.LogOption,string,UnityEngine.Object)
UnityEngine.DebugLogHandler:LogFormat (UnityEngine.LogType,UnityEngine.Object,string,object[]) (at C:/build/output/unity/unity/Runtime/Export/Logging/DebugLogHandler.cs:9)
UnityEngine.Logger:Log (UnityEngine.LogType,object) (at C:/build/output/unity/unity/Runtime/Export/Logging/Logger.cs:60)
UnityEngine.Debug:Log (object) (at C:/build/output/unity/unity/Runtime/Export/Debug/Debug.bindings.cs:123)
AIFarm.Presentation.RemoteAiGatewayClient:LogRequest (AIFarm.Npc.ResidentId,string) (at C:/学习/研究生/Elys AI/面试模拟题/AIFarm/My project/Assets/AIFarm/Presentation/RemoteAiGatewayClient.cs:618)
AIFarm.Presentation.RemoteAiGatewayClient/<DecideResident>d__23:MoveNext () (at C:/学习/研究生/Elys AI/面试模拟题/AIFarm/My project/Assets/AIFarm/Presentation/RemoteAiGatewayClient.cs:391)
AIFarm.Ai.AiRequestCoordinator/<Coordinate>d__39`1<AIFarm.Ai.ResidentDecisionSpec>:MoveNext () (at C:/学习/研究生/Elys AI/面试模拟题/AIFarm/My project/Assets/AIFarm/Ai/AiRequestCoordinator.cs:441)
UnityEngine.SetupCoroutine:InvokeMoveNext (System.Collections.IEnumerator,intptr) (at C:/build/output/unity/unity/Runtime/Export/Scripting/Coroutines.cs:17)

(Filename: C:/build/output/unity/unity/Runtime/Export/Debug/Debug.bindings.cs Line: 123)

AI response residentId=resident-001 source=Local succeeded=True
UnityEngine.Debug:ExtractStackTraceNoAlloc (byte*,int,string)
UnityEngine.StackTraceUtility:ExtractStackTrace () (at C:/build/output/unity/unity/Runtime/Export/Scripting/StackTrace.cs:35)
UnityEngine.DebugLogHandler:Internal_Log (UnityEngine.LogType,UnityEngine.LogOption,string,UnityEngine.Object)
UnityEngine.DebugLogHandler:LogFormat (UnityEngine.LogType,UnityEngine.Object,string,object[]) (at C:/build/output/unity/unity/Runtime/Export/Logging/DebugLogHandler.cs:9)
UnityEngine.Logger:Log (UnityEngine.LogType,object) (at C:/build/output/unity/unity/Runtime/Export/Logging/Logger.cs:60)
UnityEngine.Debug:Log (object) (at C:/build/output/unity/unity/Runtime/Export/Debug/Debug.bindings.cs:123)
AIFarm.Presentation.RemoteAiGatewayClient:LogResponse (AIFarm.Npc.ResidentId,AIFarm.Ai.AiGatewayMode,bool) (at C:/学习/研究生/Elys AI/面试模拟题/AIFarm/My project/Assets/AIFarm/Presentation/RemoteAiGatewayClient.cs:627)
AIFarm.Presentation.RemoteAiGatewayClient:CompleteRemote<AIFarm.Ai.ResidentDecisionSpec> (AIFarm.Ai.AiGatewayResult`1<AIFarm.Ai.ResidentDecisionSpec>,System.Action`1<AIFarm.Ai.AiGatewayResult`1<AIFarm.Ai.ResidentDecisionSpec>>) (at C:/学习/研究生/Elys AI/面试模拟题/AIFarm/My project/Assets/AIFarm/Presentation/RemoteAiGatewayClient.cs:506)
AIFarm.Presentation.RemoteAiGatewayClient/<DecideResident>d__23:MoveNext () (at C:/学习/研究生/Elys AI/面试模拟题/AIFarm/My project/Assets/AIFarm/Presentation/RemoteAiGatewayClient.cs:410)
AIFarm.Ai.AiRequestCoordinator/<Coordinate>d__39`1<AIFarm.Ai.ResidentDecisionSpec>:MoveNext () (at C:/学习/研究生/Elys AI/面试模拟题/AIFarm/My project/Assets/AIFarm/Ai/AiRequestCoordinator.cs:441)
UnityEngine.SetupCoroutine:InvokeMoveNext (System.Collections.IEnumerator,intptr) (at C:/build/output/unity/unity/Runtime/Export/Scripting/Coroutines.cs:17)

(Filename: C:/build/output/unity/unity/Runtime/Export/Debug/Debug.bindings.cs Line: 123)

AI request residentId=resident-004 operation=resident-decision
UnityEngine.Debug:ExtractStackTraceNoAlloc (byte*,int,string)
UnityEngine.StackTraceUtility:ExtractStackTrace () (at C:/build/output/unity/unity/Runtime/Export/Scripting/StackTrace.cs:35)
UnityEngine.DebugLogHandler:Internal_Log (UnityEngine.LogType,UnityEngine.LogOption,string,UnityEngine.Object)
UnityEngine.DebugLogHandler:LogFormat (UnityEngine.LogType,UnityEngine.Object,string,object[]) (at C:/build/output/unity/unity/Runtime/Export/Logging/DebugLogHandler.cs:9)
UnityEngine.Logger:Log (UnityEngine.LogType,object) (at C:/build/output/unity/unity/Runtime/Export/Logging/Logger.cs:60)
UnityEngine.Debug:Log (object) (at C:/build/output/unity/unity/Runtime/Export/Debug/Debug.bindings.cs:123)
AIFarm.Presentation.RemoteAiGatewayClient:LogRequest (AIFarm.Npc.ResidentId,string) (at C:/学习/研究生/Elys AI/面试模拟题/AIFarm/My project/Assets/AIFarm/Presentation/RemoteAiGatewayClient.cs:618)
AIFarm.Presentation.RemoteAiGatewayClient/<DecideResident>d__23:MoveNext () (at C:/学习/研究生/Elys AI/面试模拟题/AIFarm/My project/Assets/AIFarm/Presentation/RemoteAiGatewayClient.cs:391)
AIFarm.Ai.AiRequestCoordinator/<Coordinate>d__39`1<AIFarm.Ai.ResidentDecisionSpec>:MoveNext () (at C:/学习/研究生/Elys AI/面试模拟题/AIFarm/My project/Assets/AIFarm/Ai/AiRequestCoordinator.cs:441)
UnityEngine.SetupCoroutine:InvokeMoveNext (System.Collections.IEnumerator,intptr) (at C:/build/output/unity/unity/Runtime/Export/Scripting/Coroutines.cs:17)

(Filename: C:/build/output/unity/unity/Runtime/Export/Debug/Debug.bindings.cs Line: 123)

AI response residentId=resident-004 source=Local succeeded=True
UnityEngine.Debug:ExtractStackTraceNoAlloc (byte*,int,string)
UnityEngine.StackTraceUtility:ExtractStackTrace () (at C:/build/output/unity/unity/Runtime/Export/Scripting/StackTrace.cs:35)
UnityEngine.DebugLogHandler:Internal_Log (UnityEngine.LogType,UnityEngine.LogOption,string,UnityEngine.Object)
UnityEngine.DebugLogHandler:LogFormat (UnityEngine.LogType,UnityEngine.Object,string,object[]) (at C:/build/output/unity/unity/Runtime/Export/Logging/DebugLogHandler.cs:9)
UnityEngine.Logger:Log (UnityEngine.LogType,object) (at C:/build/output/unity/unity/Runtime/Export/Logging/Logger.cs:60)
UnityEngine.Debug:Log (object) (at C:/build/output/unity/unity/Runtime/Export/Debug/Debug.bindings.cs:123)
AIFarm.Presentation.RemoteAiGatewayClient:LogResponse (AIFarm.Npc.ResidentId,AIFarm.Ai.AiGatewayMode,bool) (at C:/学习/研究生/Elys AI/面试模拟题/AIFarm/My project/Assets/AIFarm/Presentation/RemoteAiGatewayClient.cs:627)
AIFarm.Presentation.RemoteAiGatewayClient:CompleteRemote<AIFarm.Ai.ResidentDecisionSpec> (AIFarm.Ai.AiGatewayResult`1<AIFarm.Ai.ResidentDecisionSpec>,System.Action`1<AIFarm.Ai.AiGatewayResult`1<AIFarm.Ai.ResidentDecisionSpec>>) (at C:/学习/研究生/Elys AI/面试模拟题/AIFarm/My project/Assets/AIFarm/Presentation/RemoteAiGatewayClient.cs:506)
AIFarm.Presentation.RemoteAiGatewayClient/<DecideResident>d__23:MoveNext () (at C:/学习/研究生/Elys AI/面试模拟题/AIFarm/My project/Assets/AIFarm/Presentation/RemoteAiGatewayClient.cs:410)
AIFarm.Ai.AiRequestCoordinator/<Coordinate>d__39`1<AIFarm.Ai.ResidentDecisionSpec>:MoveNext () (at C:/学习/研究生/Elys AI/面试模拟题/AIFarm/My project/Assets/AIFarm/Ai/AiRequestCoordinator.cs:441)
UnityEngine.SetupCoroutine:InvokeMoveNext (System.Collections.IEnumerator,intptr) (at C:/build/output/unity/unity/Runtime/Export/Scripting/Coroutines.cs:17)

(Filename: C:/build/output/unity/unity/Runtime/Export/Debug/Debug.bindings.cs Line: 123)

AI request residentId=resident-003 operation=resident-decision
UnityEngine.Debug:ExtractStackTraceNoAlloc (byte*,int,string)
UnityEngine.StackTraceUtility:ExtractStackTrace () (at C:/build/output/unity/unity/Runtime/Export/Scripting/StackTrace.cs:35)
UnityEngine.DebugLogHandler:Internal_Log (UnityEngine.LogType,UnityEngine.LogOption,string,UnityEngine.Object)
UnityEngine.DebugLogHandler:LogFormat (UnityEngine.LogType,UnityEngine.Object,string,object[]) (at C:/build/output/unity/unity/Runtime/Export/Logging/DebugLogHandler.cs:9)
UnityEngine.Logger:Log (UnityEngine.LogType,object) (at C:/build/output/unity/unity/Runtime/Export/Logging/Logger.cs:60)
UnityEngine.Debug:Log (object) (at C:/build/output/unity/unity/Runtime/Export/Debug/Debug.bindings.cs:123)
AIFarm.Presentation.RemoteAiGatewayClient:LogRequest (AIFarm.Npc.ResidentId,string) (at C:/学习/研究生/Elys AI/面试模拟题/AIFarm/My project/Assets/AIFarm/Presentation/RemoteAiGatewayClient.cs:618)
AIFarm.Presentation.RemoteAiGatewayClient/<DecideResident>d__23:MoveNext () (at C:/学习/研究生/Elys AI/面试模拟题/AIFarm/My project/Assets/AIFarm/Presentation/RemoteAiGatewayClient.cs:391)
AIFarm.Ai.AiRequestCoordinator/<Coordinate>d__39`1<AIFarm.Ai.ResidentDecisionSpec>:MoveNext () (at C:/学习/研究生/Elys AI/面试模拟题/AIFarm/My project/Assets/AIFarm/Ai/AiRequestCoordinator.cs:441)
UnityEngine.SetupCoroutine:InvokeMoveNext (System.Collections.IEnumerator,intptr) (at C:/build/output/unity/unity/Runtime/Export/Scripting/Coroutines.cs:17)

(Filename: C:/build/output/unity/unity/Runtime/Export/Debug/Debug.bindings.cs Line: 123)

AI response residentId=resident-003 source=Local succeeded=True
UnityEngine.Debug:ExtractStackTraceNoAlloc (byte*,int,string)
UnityEngine.StackTraceUtility:ExtractStackTrace () (at C:/build/output/unity/unity/Runtime/Export/Scripting/StackTrace.cs:35)
UnityEngine.DebugLogHandler:Internal_Log (UnityEngine.LogType,UnityEngine.LogOption,string,UnityEngine.Object)
UnityEngine.DebugLogHandler:LogFormat (UnityEngine.LogType,UnityEngine.Object,string,object[]) (at C:/build/output/unity/unity/Runtime/Export/Logging/DebugLogHandler.cs:9)
UnityEngine.Logger:Log (UnityEngine.LogType,object) (at C:/build/output/unity/unity/Runtime/Export/Logging/Logger.cs:60)
UnityEngine.Debug:Log (object) (at C:/build/output/unity/unity/Runtime/Export/Debug/Debug.bindings.cs:123)
AIFarm.Presentation.RemoteAiGatewayClient:LogResponse (AIFarm.Npc.ResidentId,AIFarm.Ai.AiGatewayMode,bool) (at C:/学习/研究生/Elys AI/面试模拟题/AIFarm/My project/Assets/AIFarm/Presentation/RemoteAiGatewayClient.cs:627)
AIFarm.Presentation.RemoteAiGatewayClient:CompleteRemote<AIFarm.Ai.ResidentDecisionSpec> (AIFarm.Ai.AiGatewayResult`1<AIFarm.Ai.ResidentDecisionSpec>,System.Action`1<AIFarm.Ai.AiGatewayResult`1<AIFarm.Ai.ResidentDecisionSpec>>) (at C:/学习/研究生/Elys AI/面试模拟题/AIFarm/My project/Assets/AIFarm/Presentation/RemoteAiGatewayClient.cs:506)
AIFarm.Presentation.RemoteAiGatewayClient/<DecideResident>d__23:MoveNext () (at C:/学习/研究生/Elys AI/面试模拟题/AIFarm/My project/Assets/AIFarm/Presentation/RemoteAiGatewayClient.cs:410)
AIFarm.Ai.AiRequestCoordinator/<Coordinate>d__39`1<AIFarm.Ai.ResidentDecisionSpec>:MoveNext () (at C:/学习/研究生/Elys AI/面试模拟题/AIFarm/My project/Assets/AIFarm/Ai/AiRequestCoordinator.cs:441)
UnityEngine.SetupCoroutine:InvokeMoveNext (System.Collections.IEnumerator,intptr) (at C:/build/output/unity/unity/Runtime/Export/Scripting/Coroutines.cs:17)

(Filename: C:/build/output/unity/unity/Runtime/Export/Debug/Debug.bindings.cs Line: 123)

AI request residentId=resident-002 operation=resident-decision
UnityEngine.Debug:ExtractStackTraceNoAlloc (byte*,int,string)
UnityEngine.StackTraceUtility:ExtractStackTrace () (at C:/build/output/unity/unity/Runtime/Export/Scripting/StackTrace.cs:35)
UnityEngine.DebugLogHandler:Internal_Log (UnityEngine.LogType,UnityEngine.LogOption,string,UnityEngine.Object)
UnityEngine.DebugLogHandler:LogFormat (UnityEngine.LogType,UnityEngine.Object,string,object[]) (at C:/build/output/unity/unity/Runtime/Export/Logging/DebugLogHandler.cs:9)
UnityEngine.Logger:Log (UnityEngine.LogType,object) (at C:/build/output/unity/unity/Runtime/Export/Logging/Logger.cs:60)
UnityEngine.Debug:Log (object) (at C:/build/output/unity/unity/Runtime/Export/Debug/Debug.bindings.cs:123)
AIFarm.Presentation.RemoteAiGatewayClient:LogRequest (AIFarm.Npc.ResidentId,string) (at C:/学习/研究生/Elys AI/面试模拟题/AIFarm/My project/Assets/AIFarm/Presentation/RemoteAiGatewayClient.cs:618)
AIFarm.Presentation.RemoteAiGatewayClient/<DecideResident>d__23:MoveNext () (at C:/学习/研究生/Elys AI/面试模拟题/AIFarm/My project/Assets/AIFarm/Presentation/RemoteAiGatewayClient.cs:391)
AIFarm.Ai.AiRequestCoordinator/<Coordinate>d__39`1<AIFarm.Ai.ResidentDecisionSpec>:MoveNext () (at C:/学习/研究生/Elys AI/面试模拟题/AIFarm/My project/Assets/AIFarm/Ai/AiRequestCoordinator.cs:441)
UnityEngine.SetupCoroutine:InvokeMoveNext (System.Collections.IEnumerator,intptr) (at C:/build/output/unity/unity/Runtime/Export/Scripting/Coroutines.cs:17)

(Filename: C:/build/output/unity/unity/Runtime/Export/Debug/Debug.bindings.cs Line: 123)

AI response residentId=resident-002 source=Local succeeded=True
UnityEngine.Debug:ExtractStackTraceNoAlloc (byte*,int,string)
UnityEngine.StackTraceUtility:ExtractStackTrace () (at C:/build/output/unity/unity/Runtime/Export/Scripting/StackTrace.cs:35)
UnityEngine.DebugLogHandler:Internal_Log (UnityEngine.LogType,UnityEngine.LogOption,string,UnityEngine.Object)
UnityEngine.DebugLogHandler:LogFormat (UnityEngine.LogType,UnityEngine.Object,string,object[]) (at C:/build/output/unity/unity/Runtime/Export/Logging/DebugLogHandler.cs:9)
UnityEngine.Logger:Log (UnityEngine.LogType,object) (at C:/build/output/unity/unity/Runtime/Export/Logging/Logger.cs:60)
UnityEngine.Debug:Log (object) (at C:/build/output/unity/unity/Runtime/Export/Debug/Debug.bindings.cs:123)
AIFarm.Presentation.RemoteAiGatewayClient:LogResponse (AIFarm.Npc.ResidentId,AIFarm.Ai.AiGatewayMode,bool) (at C:/学习/研究生/Elys AI/面试模拟题/AIFarm/My project/Assets/AIFarm/Presentation/RemoteAiGatewayClient.cs:627)
AIFarm.Presentation.RemoteAiGatewayClient:CompleteRemote<AIFarm.Ai.ResidentDecisionSpec> (AIFarm.Ai.AiGatewayResult`1<AIFarm.Ai.ResidentDecisionSpec>,System.Action`1<AIFarm.Ai.AiGatewayResult`1<AIFarm.Ai.ResidentDecisionSpec>>) (at C:/学习/研究生/Elys AI/面试模拟题/AIFarm/My project/Assets/AIFarm/Presentation/RemoteAiGatewayClient.cs:506)
AIFarm.Presentation.RemoteAiGatewayClient/<DecideResident>d__23:MoveNext () (at C:/学习/研究生/Elys AI/面试模拟题/AIFarm/My project/Assets/AIFarm/Presentation/RemoteAiGatewayClient.cs:410)
AIFarm.Ai.AiRequestCoordinator/<Coordinate>d__39`1<AIFarm.Ai.ResidentDecisionSpec>:MoveNext () (at C:/学习/研究生/Elys AI/面试模拟题/AIFarm/My project/Assets/AIFarm/Ai/AiRequestCoordinator.cs:441)
UnityEngine.SetupCoroutine:InvokeMoveNext (System.Collections.IEnumerator,intptr) (at C:/build/output/unity/unity/Runtime/Export/Scripting/Coroutines.cs:17)

(Filename: C:/build/output/unity/unity/Runtime/Export/Debug/Debug.bindings.cs Line: 123)

AI request residentId=resident-002 operation=resident-decision
UnityEngine.Debug:ExtractStackTraceNoAlloc (byte*,int,string)
UnityEngine.StackTraceUtility:ExtractStackTrace () (at C:/build/output/unity/unity/Runtime/Export/Scripting/StackTrace.cs:35)
UnityEngine.DebugLogHandler:Internal_Log (UnityEngine.LogType,UnityEngine.LogOption,string,UnityEngine.Object)
UnityEngine.DebugLogHandler:LogFormat (UnityEngine.LogType,UnityEngine.Object,string,object[]) (at C:/build/output/unity/unity/Runtime/Export/Logging/DebugLogHandler.cs:9)
UnityEngine.Logger:Log (UnityEngine.LogType,object) (at C:/build/output/unity/unity/Runtime/Export/Logging/Logger.cs:60)
UnityEngine.Debug:Log (object) (at C:/build/output/unity/unity/Runtime/Export/Debug/Debug.bindings.cs:123)
AIFarm.Presentation.RemoteAiGatewayClient:LogRequest (AIFarm.Npc.ResidentId,string) (at C:/学习/研究生/Elys AI/面试模拟题/AIFarm/My project/Assets/AIFarm/Presentation/RemoteAiGatewayClient.cs:618)
AIFarm.Presentation.RemoteAiGatewayClient/<DecideResident>d__23:MoveNext () (at C:/学习/研究生/Elys AI/面试模拟题/AIFarm/My project/Assets/AIFarm/Presentation/RemoteAiGatewayClient.cs:391)
AIFarm.Ai.AiRequestCoordinator/<Coordinate>d__39`1<AIFarm.Ai.ResidentDecisionSpec>:MoveNext () (at C:/学习/研究生/Elys AI/面试模拟题/AIFarm/My project/Assets/AIFarm/Ai/AiRequestCoordinator.cs:441)
UnityEngine.SetupCoroutine:InvokeMoveNext (System.Collections.IEnumerator,intptr) (at C:/build/output/unity/unity/Runtime/Export/Scripting/Coroutines.cs:17)

(Filename: C:/build/output/unity/unity/Runtime/Export/Debug/Debug.bindings.cs Line: 123)

AI response residentId=resident-002 source=Local succeeded=True
UnityEngine.Debug:ExtractStackTraceNoAlloc (byte*,int,string)
UnityEngine.StackTraceUtility:ExtractStackTrace () (at C:/build/output/unity/unity/Runtime/Export/Scripting/StackTrace.cs:35)
UnityEngine.DebugLogHandler:Internal_Log (UnityEngine.LogType,UnityEngine.LogOption,string,UnityEngine.Object)
UnityEngine.DebugLogHandler:LogFormat (UnityEngine.LogType,UnityEngine.Object,string,object[]) (at C:/build/output/unity/unity/Runtime/Export/Logging/DebugLogHandler.cs:9)
UnityEngine.Logger:Log (UnityEngine.LogType,object) (at C:/build/output/unity/unity/Runtime/Export/Logging/Logger.cs:60)
UnityEngine.Debug:Log (object) (at C:/build/output/unity/unity/Runtime/Export/Debug/Debug.bindings.cs:123)
AIFarm.Presentation.RemoteAiGatewayClient:LogResponse (AIFarm.Npc.ResidentId,AIFarm.Ai.AiGatewayMode,bool) (at C:/学习/研究生/Elys AI/面试模拟题/AIFarm/My project/Assets/AIFarm/Presentation/RemoteAiGatewayClient.cs:627)
AIFarm.Presentation.RemoteAiGatewayClient:CompleteRemote<AIFarm.Ai.ResidentDecisionSpec> (AIFarm.Ai.AiGatewayResult`1<AIFarm.Ai.ResidentDecisionSpec>,System.Action`1<AIFarm.Ai.AiGatewayResult`1<AIFarm.Ai.ResidentDecisionSpec>>) (at C:/学习/研究生/Elys AI/面试模拟题/AIFarm/My project/Assets/AIFarm/Presentation/RemoteAiGatewayClient.cs:506)
AIFarm.Presentation.RemoteAiGatewayClient/<DecideResident>d__23:MoveNext () (at C:/学习/研究生/Elys AI/面试模拟题/AIFarm/My project/Assets/AIFarm/Presentation/RemoteAiGatewayClient.cs:410)
AIFarm.Ai.AiRequestCoordinator/<Coordinate>d__39`1<AIFarm.Ai.ResidentDecisionSpec>:MoveNext () (at C:/学习/研究生/Elys AI/面试模拟题/AIFarm/My project/Assets/AIFarm/Ai/AiRequestCoordinator.cs:441)
UnityEngine.SetupCoroutine:InvokeMoveNext (System.Collections.IEnumerator,intptr) (at C:/build/output/unity/unity/Runtime/Export/Scripting/Coroutines.cs:17)

(Filename: C:/build/output/unity/unity/Runtime/Export/Debug/Debug.bindings.cs Line: 123)

AI request residentId=resident-004 operation=resident-decision
UnityEngine.Debug:ExtractStackTraceNoAlloc (byte*,int,string)
UnityEngine.StackTraceUtility:ExtractStackTrace () (at C:/build/output/unity/unity/Runtime/Export/Scripting/StackTrace.cs:35)
UnityEngine.DebugLogHandler:Internal_Log (UnityEngine.LogType,UnityEngine.LogOption,string,UnityEngine.Object)
UnityEngine.DebugLogHandler:LogFormat (UnityEngine.LogType,UnityEngine.Object,string,object[]) (at C:/build/output/unity/unity/Runtime/Export/Logging/DebugLogHandler.cs:9)
UnityEngine.Logger:Log (UnityEngine.LogType,object) (at C:/build/output/unity/unity/Runtime/Export/Logging/Logger.cs:60)
UnityEngine.Debug:Log (object) (at C:/build/output/unity/unity/Runtime/Export/Debug/Debug.bindings.cs:123)
AIFarm.Presentation.RemoteAiGatewayClient:LogRequest (AIFarm.Npc.ResidentId,string) (at C:/学习/研究生/Elys AI/面试模拟题/AIFarm/My project/Assets/AIFarm/Presentation/RemoteAiGatewayClient.cs:618)
AIFarm.Presentation.RemoteAiGatewayClient/<DecideResident>d__23:MoveNext () (at C:/学习/研究生/Elys AI/面试模拟题/AIFarm/My project/Assets/AIFarm/Presentation/RemoteAiGatewayClient.cs:391)
AIFarm.Ai.AiRequestCoordinator/<Coordinate>d__39`1<AIFarm.Ai.ResidentDecisionSpec>:MoveNext () (at C:/学习/研究生/Elys AI/面试模拟题/AIFarm/My project/Assets/AIFarm/Ai/AiRequestCoordinator.cs:441)
UnityEngine.SetupCoroutine:InvokeMoveNext (System.Collections.IEnumerator,intptr) (at C:/build/output/unity/unity/Runtime/Export/Scripting/Coroutines.cs:17)

(Filename: C:/build/output/unity/unity/Runtime/Export/Debug/Debug.bindings.cs Line: 123)

AI response residentId=resident-004 source=Local succeeded=True
UnityEngine.Debug:ExtractStackTraceNoAlloc (byte*,int,string)
UnityEngine.StackTraceUtility:ExtractStackTrace () (at C:/build/output/unity/unity/Runtime/Export/Scripting/StackTrace.cs:35)
UnityEngine.DebugLogHandler:Internal_Log (UnityEngine.LogType,UnityEngine.LogOption,string,UnityEngine.Object)
UnityEngine.DebugLogHandler:LogFormat (UnityEngine.LogType,UnityEngine.Object,string,object[]) (at C:/build/output/unity/unity/Runtime/Export/Logging/DebugLogHandler.cs:9)
UnityEngine.Logger:Log (UnityEngine.LogType,object) (at C:/build/output/unity/unity/Runtime/Export/Logging/Logger.cs:60)
UnityEngine.Debug:Log (object) (at C:/build/output/unity/unity/Runtime/Export/Debug/Debug.bindings.cs:123)
AIFarm.Presentation.RemoteAiGatewayClient:LogResponse (AIFarm.Npc.ResidentId,AIFarm.Ai.AiGatewayMode,bool) (at C:/学习/研究生/Elys AI/面试模拟题/AIFarm/My project/Assets/AIFarm/Presentation/RemoteAiGatewayClient.cs:627)
AIFarm.Presentation.RemoteAiGatewayClient:CompleteRemote<AIFarm.Ai.ResidentDecisionSpec> (AIFarm.Ai.AiGatewayResult`1<AIFarm.Ai.ResidentDecisionSpec>,System.Action`1<AIFarm.Ai.AiGatewayResult`1<AIFarm.Ai.ResidentDecisionSpec>>) (at C:/学习/研究生/Elys AI/面试模拟题/AIFarm/My project/Assets/AIFarm/Presentation/RemoteAiGatewayClient.cs:506)
AIFarm.Presentation.RemoteAiGatewayClient/<DecideResident>d__23:MoveNext () (at C:/学习/研究生/Elys AI/面试模拟题/AIFarm/My project/Assets/AIFarm/Presentation/RemoteAiGatewayClient.cs:410)
AIFarm.Ai.AiRequestCoordinator/<Coordinate>d__39`1<AIFarm.Ai.ResidentDecisionSpec>:MoveNext () (at C:/学习/研究生/Elys AI/面试模拟题/AIFarm/My project/Assets/AIFarm/Ai/AiRequestCoordinator.cs:441)
UnityEngine.SetupCoroutine:InvokeMoveNext (System.Collections.IEnumerator,intptr) (at C:/build/output/unity/unity/Runtime/Export/Scripting/Coroutines.cs:17)

(Filename: C:/build/output/unity/unity/Runtime/Export/Debug/Debug.bindings.cs Line: 123)

AI request residentId=resident-001 operation=resident-decision
UnityEngine.Debug:ExtractStackTraceNoAlloc (byte*,int,string)
UnityEngine.StackTraceUtility:ExtractStackTrace () (at C:/build/output/unity/unity/Runtime/Export/Scripting/StackTrace.cs:35)
UnityEngine.DebugLogHandler:Internal_Log (UnityEngine.LogType,UnityEngine.LogOption,string,UnityEngine.Object)
UnityEngine.DebugLogHandler:LogFormat (UnityEngine.LogType,UnityEngine.Object,string,object[]) (at C:/build/output/unity/unity/Runtime/Export/Logging/DebugLogHandler.cs:9)
UnityEngine.Logger:Log (UnityEngine.LogType,object) (at C:/build/output/unity/unity/Runtime/Export/Logging/Logger.cs:60)
UnityEngine.Debug:Log (object) (at C:/build/output/unity/unity/Runtime/Export/Debug/Debug.bindings.cs:123)
AIFarm.Presentation.RemoteAiGatewayClient:LogRequest (AIFarm.Npc.ResidentId,string) (at C:/学习/研究生/Elys AI/面试模拟题/AIFarm/My project/Assets/AIFarm/Presentation/RemoteAiGatewayClient.cs:618)
AIFarm.Presentation.RemoteAiGatewayClient/<DecideResident>d__23:MoveNext () (at C:/学习/研究生/Elys AI/面试模拟题/AIFarm/My project/Assets/AIFarm/Presentation/RemoteAiGatewayClient.cs:391)
AIFarm.Ai.AiRequestCoordinator/<Coordinate>d__39`1<AIFarm.Ai.ResidentDecisionSpec>:MoveNext () (at C:/学习/研究生/Elys AI/面试模拟题/AIFarm/My project/Assets/AIFarm/Ai/AiRequestCoordinator.cs:441)
UnityEngine.SetupCoroutine:InvokeMoveNext (System.Collections.IEnumerator,intptr) (at C:/build/output/unity/unity/Runtime/Export/Scripting/Coroutines.cs:17)

(Filename: C:/build/output/unity/unity/Runtime/Export/Debug/Debug.bindings.cs Line: 123)

AI request residentId=resident-003 operation=resident-decision
UnityEngine.Debug:ExtractStackTraceNoAlloc (byte*,int,string)
UnityEngine.StackTraceUtility:ExtractStackTrace () (at C:/build/output/unity/unity/Runtime/Export/Scripting/StackTrace.cs:35)
UnityEngine.DebugLogHandler:Internal_Log (UnityEngine.LogType,UnityEngine.LogOption,string,UnityEngine.Object)
UnityEngine.DebugLogHandler:LogFormat (UnityEngine.LogType,UnityEngine.Object,string,object[]) (at C:/build/output/unity/unity/Runtime/Export/Logging/DebugLogHandler.cs:9)
UnityEngine.Logger:Log (UnityEngine.LogType,object) (at C:/build/output/unity/unity/Runtime/Export/Logging/Logger.cs:60)
UnityEngine.Debug:Log (object) (at C:/build/output/unity/unity/Runtime/Export/Debug/Debug.bindings.cs:123)
AIFarm.Presentation.RemoteAiGatewayClient:LogRequest (AIFarm.Npc.ResidentId,string) (at C:/学习/研究生/Elys AI/面试模拟题/AIFarm/My project/Assets/AIFarm/Presentation/RemoteAiGatewayClient.cs:618)
AIFarm.Presentation.RemoteAiGatewayClient/<DecideResident>d__23:MoveNext () (at C:/学习/研究生/Elys AI/面试模拟题/AIFarm/My project/Assets/AIFarm/Presentation/RemoteAiGatewayClient.cs:391)
AIFarm.Ai.AiRequestCoordinator/<Coordinate>d__39`1<AIFarm.Ai.ResidentDecisionSpec>:MoveNext () (at C:/学习/研究生/Elys AI/面试模拟题/AIFarm/My project/Assets/AIFarm/Ai/AiRequestCoordinator.cs:441)
UnityEngine.SetupCoroutine:InvokeMoveNext (System.Collections.IEnumerator,intptr) (at C:/build/output/unity/unity/Runtime/Export/Scripting/Coroutines.cs:17)

(Filename: C:/build/output/unity/unity/Runtime/Export/Debug/Debug.bindings.cs Line: 123)

AI response residentId=resident-001 source=Local succeeded=True
UnityEngine.Debug:ExtractStackTraceNoAlloc (byte*,int,string)
UnityEngine.StackTraceUtility:ExtractStackTrace () (at C:/build/output/unity/unity/Runtime/Export/Scripting/StackTrace.cs:35)
UnityEngine.DebugLogHandler:Internal_Log (UnityEngine.LogType,UnityEngine.LogOption,string,UnityEngine.Object)
UnityEngine.DebugLogHandler:LogFormat (UnityEngine.LogType,UnityEngine.Object,string,object[]) (at C:/build/output/unity/unity/Runtime/Export/Logging/DebugLogHandler.cs:9)
UnityEngine.Logger:Log (UnityEngine.LogType,object) (at C:/build/output/unity/unity/Runtime/Export/Logging/Logger.cs:60)
UnityEngine.Debug:Log (object) (at C:/build/output/unity/unity/Runtime/Export/Debug/Debug.bindings.cs:123)
AIFarm.Presentation.RemoteAiGatewayClient:LogResponse (AIFarm.Npc.ResidentId,AIFarm.Ai.AiGatewayMode,bool) (at C:/学习/研究生/Elys AI/面试模拟题/AIFarm/My project/Assets/AIFarm/Presentation/RemoteAiGatewayClient.cs:627)
AIFarm.Presentation.RemoteAiGatewayClient:CompleteRemote<AIFarm.Ai.ResidentDecisionSpec> (AIFarm.Ai.AiGatewayResult`1<AIFarm.Ai.ResidentDecisionSpec>,System.Action`1<AIFarm.Ai.AiGatewayResult`1<AIFarm.Ai.ResidentDecisionSpec>>) (at C:/学习/研究生/Elys AI/面试模拟题/AIFarm/My project/Assets/AIFarm/Presentation/RemoteAiGatewayClient.cs:506)
AIFarm.Presentation.RemoteAiGatewayClient/<DecideResident>d__23:MoveNext () (at C:/学习/研究生/Elys AI/面试模拟题/AIFarm/My project/Assets/AIFarm/Presentation/RemoteAiGatewayClient.cs:410)
AIFarm.Ai.AiRequestCoordinator/<Coordinate>d__39`1<AIFarm.Ai.ResidentDecisionSpec>:MoveNext () (at C:/学习/研究生/Elys AI/面试模拟题/AIFarm/My project/Assets/AIFarm/Ai/AiRequestCoordinator.cs:441)
UnityEngine.SetupCoroutine:InvokeMoveNext (System.Collections.IEnumerator,intptr) (at C:/build/output/unity/unity/Runtime/Export/Scripting/Coroutines.cs:17)

(Filename: C:/build/output/unity/unity/Runtime/Export/Debug/Debug.bindings.cs Line: 123)

AI response residentId=resident-003 source=Local succeeded=True
UnityEngine.Debug:ExtractStackTraceNoAlloc (byte*,int,string)
UnityEngine.StackTraceUtility:ExtractStackTrace () (at C:/build/output/unity/unity/Runtime/Export/Scripting/StackTrace.cs:35)
UnityEngine.DebugLogHandler:Internal_Log (UnityEngine.LogType,UnityEngine.LogOption,string,UnityEngine.Object)
UnityEngine.DebugLogHandler:LogFormat (UnityEngine.LogType,UnityEngine.Object,string,object[]) (at C:/build/output/unity/unity/Runtime/Export/Logging/DebugLogHandler.cs:9)
UnityEngine.Logger:Log (UnityEngine.LogType,object) (at C:/build/output/unity/unity/Runtime/Export/Logging/Logger.cs:60)
UnityEngine.Debug:Log (object) (at C:/build/output/unity/unity/Runtime/Export/Debug/Debug.bindings.cs:123)
AIFarm.Presentation.RemoteAiGatewayClient:LogResponse (AIFarm.Npc.ResidentId,AIFarm.Ai.AiGatewayMode,bool) (at C:/学习/研究生/Elys AI/面试模拟题/AIFarm/My project/Assets/AIFarm/Presentation/RemoteAiGatewayClient.cs:627)
AIFarm.Presentation.RemoteAiGatewayClient:CompleteRemote<AIFarm.Ai.ResidentDecisionSpec> (AIFarm.Ai.AiGatewayResult`1<AIFarm.Ai.ResidentDecisionSpec>,System.Action`1<AIFarm.Ai.AiGatewayResult`1<AIFarm.Ai.ResidentDecisionSpec>>) (at C:/学习/研究生/Elys AI/面试模拟题/AIFarm/My project/Assets/AIFarm/Presentation/RemoteAiGatewayClient.cs:506)
AIFarm.Presentation.RemoteAiGatewayClient/<DecideResident>d__23:MoveNext () (at C:/学习/研究生/Elys AI/面试模拟题/AIFarm/My project/Assets/AIFarm/Presentation/RemoteAiGatewayClient.cs:410)
AIFarm.Ai.AiRequestCoordinator/<Coordinate>d__39`1<AIFarm.Ai.ResidentDecisionSpec>:MoveNext () (at C:/学习/研究生/Elys AI/面试模拟题/AIFarm/My project/Assets/AIFarm/Ai/AiRequestCoordinator.cs:441)
UnityEngine.SetupCoroutine:InvokeMoveNext (System.Collections.IEnumerator,intptr) (at C:/build/output/unity/unity/Runtime/Export/Scripting/Coroutines.cs:17)

(Filename: C:/build/output/unity/unity/Runtime/Export/Debug/Debug.bindings.cs Line: 123)

AI request residentId=resident-001 operation=resident-decision
UnityEngine.Debug:ExtractStackTraceNoAlloc (byte*,int,string)
UnityEngine.StackTraceUtility:ExtractStackTrace () (at C:/build/output/unity/unity/Runtime/Export/Scripting/StackTrace.cs:35)
UnityEngine.DebugLogHandler:Internal_Log (UnityEngine.LogType,UnityEngine.LogOption,string,UnityEngine.Object)
UnityEngine.DebugLogHandler:LogFormat (UnityEngine.LogType,UnityEngine.Object,string,object[]) (at C:/build/output/unity/unity/Runtime/Export/Logging/DebugLogHandler.cs:9)
UnityEngine.Logger:Log (UnityEngine.LogType,object) (at C:/build/output/unity/unity/Runtime/Export/Logging/Logger.cs:60)
UnityEngine.Debug:Log (object) (at C:/build/output/unity/unity/Runtime/Export/Debug/Debug.bindings.cs:123)
AIFarm.Presentation.RemoteAiGatewayClient:LogRequest (AIFarm.Npc.ResidentId,string) (at C:/学习/研究生/Elys AI/面试模拟题/AIFarm/My project/Assets/AIFarm/Presentation/RemoteAiGatewayClient.cs:618)
AIFarm.Presentation.RemoteAiGatewayClient/<DecideResident>d__23:MoveNext () (at C:/学习/研究生/Elys AI/面试模拟题/AIFarm/My project/Assets/AIFarm/Presentation/RemoteAiGatewayClient.cs:391)
AIFarm.Ai.AiRequestCoordinator/<Coordinate>d__39`1<AIFarm.Ai.ResidentDecisionSpec>:MoveNext () (at C:/学习/研究生/Elys AI/面试模拟题/AIFarm/My project/Assets/AIFarm/Ai/AiRequestCoordinator.cs:441)
UnityEngine.SetupCoroutine:InvokeMoveNext (System.Collections.IEnumerator,intptr) (at C:/build/output/unity/unity/Runtime/Export/Scripting/Coroutines.cs:17)

(Filename: C:/build/output/unity/unity/Runtime/Export/Debug/Debug.bindings.cs Line: 123)

AI response residentId=resident-001 source=Local succeeded=True
UnityEngine.Debug:ExtractStackTraceNoAlloc (byte*,int,string)
UnityEngine.StackTraceUtility:ExtractStackTrace () (at C:/build/output/unity/unity/Runtime/Export/Scripting/StackTrace.cs:35)
UnityEngine.DebugLogHandler:Internal_Log (UnityEngine.LogType,UnityEngine.LogOption,string,UnityEngine.Object)
UnityEngine.DebugLogHandler:LogFormat (UnityEngine.LogType,UnityEngine.Object,string,object[]) (at C:/build/output/unity/unity/Runtime/Export/Logging/DebugLogHandler.cs:9)
UnityEngine.Logger:Log (UnityEngine.LogType,object) (at C:/build/output/unity/unity/Runtime/Export/Logging/Logger.cs:60)
UnityEngine.Debug:Log (object) (at C:/build/output/unity/unity/Runtime/Export/Debug/Debug.bindings.cs:123)
AIFarm.Presentation.RemoteAiGatewayClient:LogResponse (AIFarm.Npc.ResidentId,AIFarm.Ai.AiGatewayMode,bool) (at C:/学习/研究生/Elys AI/面试模拟题/AIFarm/My project/Assets/AIFarm/Presentation/RemoteAiGatewayClient.cs:627)
AIFarm.Presentation.RemoteAiGatewayClient:CompleteRemote<AIFarm.Ai.ResidentDecisionSpec> (AIFarm.Ai.AiGatewayResult`1<AIFarm.Ai.ResidentDecisionSpec>,System.Action`1<AIFarm.Ai.AiGatewayResult`1<AIFarm.Ai.ResidentDecisionSpec>>) (at C:/学习/研究生/Elys AI/面试模拟题/AIFarm/My project/Assets/AIFarm/Presentation/RemoteAiGatewayClient.cs:506)
AIFarm.Presentation.RemoteAiGatewayClient/<DecideResident>d__23:MoveNext () (at C:/学习/研究生/Elys AI/面试模拟题/AIFarm/My project/Assets/AIFarm/Presentation/RemoteAiGatewayClient.cs:410)
AIFarm.Ai.AiRequestCoordinator/<Coordinate>d__39`1<AIFarm.Ai.ResidentDecisionSpec>:MoveNext () (at C:/学习/研究生/Elys AI/面试模拟题/AIFarm/My project/Assets/AIFarm/Ai/AiRequestCoordinator.cs:441)
UnityEngine.SetupCoroutine:InvokeMoveNext (System.Collections.IEnumerator,intptr) (at C:/build/output/unity/unity/Runtime/Export/Scripting/Coroutines.cs:17)

(Filename: C:/build/output/unity/unity/Runtime/Export/Debug/Debug.bindings.cs Line: 123)

AI request residentId=resident-002 operation=resident-decision
UnityEngine.Debug:ExtractStackTraceNoAlloc (byte*,int,string)
UnityEngine.StackTraceUtility:ExtractStackTrace () (at C:/build/output/unity/unity/Runtime/Export/Scripting/StackTrace.cs:35)
UnityEngine.DebugLogHandler:Internal_Log (UnityEngine.LogType,UnityEngine.LogOption,string,UnityEngine.Object)
UnityEngine.DebugLogHandler:LogFormat (UnityEngine.LogType,UnityEngine.Object,string,object[]) (at C:/build/output/unity/unity/Runtime/Export/Logging/DebugLogHandler.cs:9)
UnityEngine.Logger:Log (UnityEngine.LogType,object) (at C:/build/output/unity/unity/Runtime/Export/Logging/Logger.cs:60)
UnityEngine.Debug:Log (object) (at C:/build/output/unity/unity/Runtime/Export/Debug/Debug.bindings.cs:123)
AIFarm.Presentation.RemoteAiGatewayClient:LogRequest (AIFarm.Npc.ResidentId,string) (at C:/学习/研究生/Elys AI/面试模拟题/AIFarm/My project/Assets/AIFarm/Presentation/RemoteAiGatewayClient.cs:618)
AIFarm.Presentation.RemoteAiGatewayClient/<DecideResident>d__23:MoveNext () (at C:/学习/研究生/Elys AI/面试模拟题/AIFarm/My project/Assets/AIFarm/Presentation/RemoteAiGatewayClient.cs:391)
AIFarm.Ai.AiRequestCoordinator/<Coordinate>d__39`1<AIFarm.Ai.ResidentDecisionSpec>:MoveNext () (at C:/学习/研究生/Elys AI/面试模拟题/AIFarm/My project/Assets/AIFarm/Ai/AiRequestCoordinator.cs:441)
UnityEngine.SetupCoroutine:InvokeMoveNext (System.Collections.IEnumerator,intptr) (at C:/build/output/unity/unity/Runtime/Export/Scripting/Coroutines.cs:17)

(Filename: C:/build/output/unity/unity/Runtime/Export/Debug/Debug.bindings.cs Line: 123)

AI response residentId=resident-002 source=Local succeeded=True
UnityEngine.Debug:ExtractStackTraceNoAlloc (byte*,int,string)
UnityEngine.StackTraceUtility:ExtractStackTrace () (at C:/build/output/unity/unity/Runtime/Export/Scripting/StackTrace.cs:35)
UnityEngine.DebugLogHandler:Internal_Log (UnityEngine.LogType,UnityEngine.LogOption,string,UnityEngine.Object)
UnityEngine.DebugLogHandler:LogFormat (UnityEngine.LogType,UnityEngine.Object,string,object[]) (at C:/build/output/unity/unity/Runtime/Export/Logging/DebugLogHandler.cs:9)
UnityEngine.Logger:Log (UnityEngine.LogType,object) (at C:/build/output/unity/unity/Runtime/Export/Logging/Logger.cs:60)
UnityEngine.Debug:Log (object) (at C:/build/output/unity/unity/Runtime/Export/Debug/Debug.bindings.cs:123)
AIFarm.Presentation.RemoteAiGatewayClient:LogResponse (AIFarm.Npc.ResidentId,AIFarm.Ai.AiGatewayMode,bool) (at C:/学习/研究生/Elys AI/面试模拟题/AIFarm/My project/Assets/AIFarm/Presentation/RemoteAiGatewayClient.cs:627)
AIFarm.Presentation.RemoteAiGatewayClient:CompleteRemote<AIFarm.Ai.ResidentDecisionSpec> (AIFarm.Ai.AiGatewayResult`1<AIFarm.Ai.ResidentDecisionSpec>,System.Action`1<AIFarm.Ai.AiGatewayResult`1<AIFarm.Ai.ResidentDecisionSpec>>) (at C:/学习/研究生/Elys AI/面试模拟题/AIFarm/My project/Assets/AIFarm/Presentation/RemoteAiGatewayClient.cs:506)
AIFarm.Presentation.RemoteAiGatewayClient/<DecideResident>d__23:MoveNext () (at C:/学习/研究生/Elys AI/面试模拟题/AIFarm/My project/Assets/AIFarm/Presentation/RemoteAiGatewayClient.cs:410)
AIFarm.Ai.AiRequestCoordinator/<Coordinate>d__39`1<AIFarm.Ai.ResidentDecisionSpec>:MoveNext () (at C:/学习/研究生/Elys AI/面试模拟题/AIFarm/My project/Assets/AIFarm/Ai/AiRequestCoordinator.cs:441)
UnityEngine.SetupCoroutine:InvokeMoveNext (System.Collections.IEnumerator,intptr) (at C:/build/output/unity/unity/Runtime/Export/Scripting/Coroutines.cs:17)

(Filename: C:/build/output/unity/unity/Runtime/Export/Debug/Debug.bindings.cs Line: 123)

AI request residentId=resident-003 operation=resident-decision
UnityEngine.Debug:ExtractStackTraceNoAlloc (byte*,int,string)
UnityEngine.StackTraceUtility:ExtractStackTrace () (at C:/build/output/unity/unity/Runtime/Export/Scripting/StackTrace.cs:35)
UnityEngine.DebugLogHandler:Internal_Log (UnityEngine.LogType,UnityEngine.LogOption,string,UnityEngine.Object)
UnityEngine.DebugLogHandler:LogFormat (UnityEngine.LogType,UnityEngine.Object,string,object[]) (at C:/build/output/unity/unity/Runtime/Export/Logging/DebugLogHandler.cs:9)
UnityEngine.Logger:Log (UnityEngine.LogType,object) (at C:/build/output/unity/unity/Runtime/Export/Logging/Logger.cs:60)
UnityEngine.Debug:Log (object) (at C:/build/output/unity/unity/Runtime/Export/Debug/Debug.bindings.cs:123)
AIFarm.Presentation.RemoteAiGatewayClient:LogRequest (AIFarm.Npc.ResidentId,string) (at C:/学习/研究生/Elys AI/面试模拟题/AIFarm/My project/Assets/AIFarm/Presentation/RemoteAiGatewayClient.cs:618)
AIFarm.Presentation.RemoteAiGatewayClient/<DecideResident>d__23:MoveNext () (at C:/学习/研究生/Elys AI/面试模拟题/AIFarm/My project/Assets/AIFarm/Presentation/RemoteAiGatewayClient.cs:391)
AIFarm.Ai.AiRequestCoordinator/<Coordinate>d__39`1<AIFarm.Ai.ResidentDecisionSpec>:MoveNext () (at C:/学习/研究生/Elys AI/面试模拟题/AIFarm/My project/Assets/AIFarm/Ai/AiRequestCoordinator.cs:441)
UnityEngine.SetupCoroutine:InvokeMoveNext (System.Collections.IEnumerator,intptr) (at C:/build/output/unity/unity/Runtime/Export/Scripting/Coroutines.cs:17)

(Filename: C:/build/output/unity/unity/Runtime/Export/Debug/Debug.bindings.cs Line: 123)

AI response residentId=resident-003 source=Local succeeded=True
UnityEngine.Debug:ExtractStackTraceNoAlloc (byte*,int,string)
UnityEngine.StackTraceUtility:ExtractStackTrace () (at C:/build/output/unity/unity/Runtime/Export/Scripting/StackTrace.cs:35)
UnityEngine.DebugLogHandler:Internal_Log (UnityEngine.LogType,UnityEngine.LogOption,string,UnityEngine.Object)
UnityEngine.DebugLogHandler:LogFormat (UnityEngine.LogType,UnityEngine.Object,string,object[]) (at C:/build/output/unity/unity/Runtime/Export/Logging/DebugLogHandler.cs:9)
UnityEngine.Logger:Log (UnityEngine.LogType,object) (at C:/build/output/unity/unity/Runtime/Export/Logging/Logger.cs:60)
UnityEngine.Debug:Log (object) (at C:/build/output/unity/unity/Runtime/Export/Debug/Debug.bindings.cs:123)
AIFarm.Presentation.RemoteAiGatewayClient:LogResponse (AIFarm.Npc.ResidentId,AIFarm.Ai.AiGatewayMode,bool) (at C:/学习/研究生/Elys AI/面试模拟题/AIFarm/My project/Assets/AIFarm/Presentation/RemoteAiGatewayClient.cs:627)
AIFarm.Presentation.RemoteAiGatewayClient:CompleteRemote<AIFarm.Ai.ResidentDecisionSpec> (AIFarm.Ai.AiGatewayResult`1<AIFarm.Ai.ResidentDecisionSpec>,System.Action`1<AIFarm.Ai.AiGatewayResult`1<AIFarm.Ai.ResidentDecisionSpec>>) (at C:/学习/研究生/Elys AI/面试模拟题/AIFarm/My project/Assets/AIFarm/Presentation/RemoteAiGatewayClient.cs:506)
AIFarm.Presentation.RemoteAiGatewayClient/<DecideResident>d__23:MoveNext () (at C:/学习/研究生/Elys AI/面试模拟题/AIFarm/My project/Assets/AIFarm/Presentation/RemoteAiGatewayClient.cs:410)
AIFarm.Ai.AiRequestCoordinator/<Coordinate>d__39`1<AIFarm.Ai.ResidentDecisionSpec>:MoveNext () (at C:/学习/研究生/Elys AI/面试模拟题/AIFarm/My project/Assets/AIFarm/Ai/AiRequestCoordinator.cs:441)
UnityEngine.SetupCoroutine:InvokeMoveNext (System.Collections.IEnumerator,intptr) (at C:/build/output/unity/unity/Runtime/Export/Scripting/Coroutines.cs:17)

(Filename: C:/build/output/unity/unity/Runtime/Export/Debug/Debug.bindings.cs Line: 123)

AI request residentId=resident-004 operation=resident-decision
UnityEngine.Debug:ExtractStackTraceNoAlloc (byte*,int,string)
UnityEngine.StackTraceUtility:ExtractStackTrace () (at C:/build/output/unity/unity/Runtime/Export/Scripting/StackTrace.cs:35)
UnityEngine.DebugLogHandler:Internal_Log (UnityEngine.LogType,UnityEngine.LogOption,string,UnityEngine.Object)
UnityEngine.DebugLogHandler:LogFormat (UnityEngine.LogType,UnityEngine.Object,string,object[]) (at C:/build/output/unity/unity/Runtime/Export/Logging/DebugLogHandler.cs:9)
UnityEngine.Logger:Log (UnityEngine.LogType,object) (at C:/build/output/unity/unity/Runtime/Export/Logging/Logger.cs:60)
UnityEngine.Debug:Log (object) (at C:/build/output/unity/unity/Runtime/Export/Debug/Debug.bindings.cs:123)
AIFarm.Presentation.RemoteAiGatewayClient:LogRequest (AIFarm.Npc.ResidentId,string) (at C:/学习/研究生/Elys AI/面试模拟题/AIFarm/My project/Assets/AIFarm/Presentation/RemoteAiGatewayClient.cs:618)
AIFarm.Presentation.RemoteAiGatewayClient/<DecideResident>d__23:MoveNext () (at C:/学习/研究生/Elys AI/面试模拟题/AIFarm/My project/Assets/AIFarm/Presentation/RemoteAiGatewayClient.cs:391)
AIFarm.Ai.AiRequestCoordinator/<Coordinate>d__39`1<AIFarm.Ai.ResidentDecisionSpec>:MoveNext () (at C:/学习/研究生/Elys AI/面试模拟题/AIFarm/My project/Assets/AIFarm/Ai/AiRequestCoordinator.cs:441)
UnityEngine.SetupCoroutine:InvokeMoveNext (System.Collections.IEnumerator,intptr) (at C:/build/output/unity/unity/Runtime/Export/Scripting/Coroutines.cs:17)

(Filename: C:/build/output/unity/unity/Runtime/Export/Debug/Debug.bindings.cs Line: 123)

AI response residentId=resident-004 source=Local succeeded=True
UnityEngine.Debug:ExtractStackTraceNoAlloc (byte*,int,string)
UnityEngine.StackTraceUtility:ExtractStackTrace () (at C:/build/output/unity/unity/Runtime/Export/Scripting/StackTrace.cs:35)
UnityEngine.DebugLogHandler:Internal_Log (UnityEngine.LogType,UnityEngine.LogOption,string,UnityEngine.Object)
UnityEngine.DebugLogHandler:LogFormat (UnityEngine.LogType,UnityEngine.Object,string,object[]) (at C:/build/output/unity/unity/Runtime/Export/Logging/DebugLogHandler.cs:9)
UnityEngine.Logger:Log (UnityEngine.LogType,object) (at C:/build/output/unity/unity/Runtime/Export/Logging/Logger.cs:60)
UnityEngine.Debug:Log (object) (at C:/build/output/unity/unity/Runtime/Export/Debug/Debug.bindings.cs:123)
AIFarm.Presentation.RemoteAiGatewayClient:LogResponse (AIFarm.Npc.ResidentId,AIFarm.Ai.AiGatewayMode,bool) (at C:/学习/研究生/Elys AI/面试模拟题/AIFarm/My project/Assets/AIFarm/Presentation/RemoteAiGatewayClient.cs:627)
AIFarm.Presentation.RemoteAiGatewayClient:CompleteRemote<AIFarm.Ai.ResidentDecisionSpec> (AIFarm.Ai.AiGatewayResult`1<AIFarm.Ai.ResidentDecisionSpec>,System.Action`1<AIFarm.Ai.AiGatewayResult`1<AIFarm.Ai.ResidentDecisionSpec>>) (at C:/学习/研究生/Elys AI/面试模拟题/AIFarm/My project/Assets/AIFarm/Presentation/RemoteAiGatewayClient.cs:506)
AIFarm.Presentation.RemoteAiGatewayClient/<DecideResident>d__23:MoveNext () (at C:/学习/研究生/Elys AI/面试模拟题/AIFarm/My project/Assets/AIFarm/Presentation/RemoteAiGatewayClient.cs:410)
AIFarm.Ai.AiRequestCoordinator/<Coordinate>d__39`1<AIFarm.Ai.ResidentDecisionSpec>:MoveNext () (at C:/学习/研究生/Elys AI/面试模拟题/AIFarm/My project/Assets/AIFarm/Ai/AiRequestCoordinator.cs:441)
UnityEngine.SetupCoroutine:InvokeMoveNext (System.Collections.IEnumerator,intptr) (at C:/build/output/unity/unity/Runtime/Export/Scripting/Coroutines.cs:17)

(Filename: C:/build/output/unity/unity/Runtime/Export/Debug/Debug.bindings.cs Line: 123)

AI request residentId=resident-001 operation=resident-decision
UnityEngine.Debug:ExtractStackTraceNoAlloc (byte*,int,string)
UnityEngine.StackTraceUtility:ExtractStackTrace () (at C:/build/output/unity/unity/Runtime/Export/Scripting/StackTrace.cs:35)
UnityEngine.DebugLogHandler:Internal_Log (UnityEngine.LogType,UnityEngine.LogOption,string,UnityEngine.Object)
UnityEngine.DebugLogHandler:LogFormat (UnityEngine.LogType,UnityEngine.Object,string,object[]) (at C:/build/output/unity/unity/Runtime/Export/Logging/DebugLogHandler.cs:9)
UnityEngine.Logger:Log (UnityEngine.LogType,object) (at C:/build/output/unity/unity/Runtime/Export/Logging/Logger.cs:60)
UnityEngine.Debug:Log (object) (at C:/build/output/unity/unity/Runtime/Export/Debug/Debug.bindings.cs:123)
AIFarm.Presentation.RemoteAiGatewayClient:LogRequest (AIFarm.Npc.ResidentId,string) (at C:/学习/研究生/Elys AI/面试模拟题/AIFarm/My project/Assets/AIFarm/Presentation/RemoteAiGatewayClient.cs:618)
AIFarm.Presentation.RemoteAiGatewayClient/<DecideResident>d__23:MoveNext () (at C:/学习/研究生/Elys AI/面试模拟题/AIFarm/My project/Assets/AIFarm/Presentation/RemoteAiGatewayClient.cs:391)
AIFarm.Ai.AiRequestCoordinator/<Coordinate>d__39`1<AIFarm.Ai.ResidentDecisionSpec>:MoveNext () (at C:/学习/研究生/Elys AI/面试模拟题/AIFarm/My project/Assets/AIFarm/Ai/AiRequestCoordinator.cs:441)
UnityEngine.SetupCoroutine:InvokeMoveNext (System.Collections.IEnumerator,intptr) (at C:/build/output/unity/unity/Runtime/Export/Scripting/Coroutines.cs:17)

(Filename: C:/build/output/unity/unity/Runtime/Export/Debug/Debug.bindings.cs Line: 123)

AI response residentId=resident-001 source=Local succeeded=True
UnityEngine.Debug:ExtractStackTraceNoAlloc (byte*,int,string)
UnityEngine.StackTraceUtility:ExtractStackTrace () (at C:/build/output/unity/unity/Runtime/Export/Scripting/StackTrace.cs:35)
UnityEngine.DebugLogHandler:Internal_Log (UnityEngine.LogType,UnityEngine.LogOption,string,UnityEngine.Object)
UnityEngine.DebugLogHandler:LogFormat (UnityEngine.LogType,UnityEngine.Object,string,object[]) (at C:/build/output/unity/unity/Runtime/Export/Logging/DebugLogHandler.cs:9)
UnityEngine.Logger:Log (UnityEngine.LogType,object) (at C:/build/output/unity/unity/Runtime/Export/Logging/Logger.cs:60)
UnityEngine.Debug:Log (object) (at C:/build/output/unity/unity/Runtime/Export/Debug/Debug.bindings.cs:123)
AIFarm.Presentation.RemoteAiGatewayClient:LogResponse (AIFarm.Npc.ResidentId,AIFarm.Ai.AiGatewayMode,bool) (at C:/学习/研究生/Elys AI/面试模拟题/AIFarm/My project/Assets/AIFarm/Presentation/RemoteAiGatewayClient.cs:627)
AIFarm.Presentation.RemoteAiGatewayClient:CompleteRemote<AIFarm.Ai.ResidentDecisionSpec> (AIFarm.Ai.AiGatewayResult`1<AIFarm.Ai.ResidentDecisionSpec>,System.Action`1<AIFarm.Ai.AiGatewayResult`1<AIFarm.Ai.ResidentDecisionSpec>>) (at C:/学习/研究生/Elys AI/面试模拟题/AIFarm/My project/Assets/AIFarm/Presentation/RemoteAiGatewayClient.cs:506)
AIFarm.Presentation.RemoteAiGatewayClient/<DecideResident>d__23:MoveNext () (at C:/学习/研究生/Elys AI/面试模拟题/AIFarm/My project/Assets/AIFarm/Presentation/RemoteAiGatewayClient.cs:410)
AIFarm.Ai.AiRequestCoordinator/<Coordinate>d__39`1<AIFarm.Ai.ResidentDecisionSpec>:MoveNext () (at C:/学习/研究生/Elys AI/面试模拟题/AIFarm/My project/Assets/AIFarm/Ai/AiRequestCoordinator.cs:441)
UnityEngine.SetupCoroutine:InvokeMoveNext (System.Collections.IEnumerator,intptr) (at C:/build/output/unity/unity/Runtime/Export/Scripting/Coroutines.cs:17)

(Filename: C:/build/output/unity/unity/Runtime/Export/Debug/Debug.bindings.cs Line: 123)

AI request residentId=resident-002 operation=resident-decision
UnityEngine.Debug:ExtractStackTraceNoAlloc (byte*,int,string)
UnityEngine.StackTraceUtility:ExtractStackTrace () (at C:/build/output/unity/unity/Runtime/Export/Scripting/StackTrace.cs:35)
UnityEngine.DebugLogHandler:Internal_Log (UnityEngine.LogType,UnityEngine.LogOption,string,UnityEngine.Object)
UnityEngine.DebugLogHandler:LogFormat (UnityEngine.LogType,UnityEngine.Object,string,object[]) (at C:/build/output/unity/unity/Runtime/Export/Logging/DebugLogHandler.cs:9)
UnityEngine.Logger:Log (UnityEngine.LogType,object) (at C:/build/output/unity/unity/Runtime/Export/Logging/Logger.cs:60)
UnityEngine.Debug:Log (object) (at C:/build/output/unity/unity/Runtime/Export/Debug/Debug.bindings.cs:123)
AIFarm.Presentation.RemoteAiGatewayClient:LogRequest (AIFarm.Npc.ResidentId,string) (at C:/学习/研究生/Elys AI/面试模拟题/AIFarm/My project/Assets/AIFarm/Presentation/RemoteAiGatewayClient.cs:618)
AIFarm.Presentation.RemoteAiGatewayClient/<DecideResident>d__23:MoveNext () (at C:/学习/研究生/Elys AI/面试模拟题/AIFarm/My project/Assets/AIFarm/Presentation/RemoteAiGatewayClient.cs:391)
AIFarm.Ai.AiRequestCoordinator/<Coordinate>d__39`1<AIFarm.Ai.ResidentDecisionSpec>:MoveNext () (at C:/学习/研究生/Elys AI/面试模拟题/AIFarm/My project/Assets/AIFarm/Ai/AiRequestCoordinator.cs:441)
UnityEngine.SetupCoroutine:InvokeMoveNext (System.Collections.IEnumerator,intptr) (at C:/build/output/unity/unity/Runtime/Export/Scripting/Coroutines.cs:17)

(Filename: C:/build/output/unity/unity/Runtime/Export/Debug/Debug.bindings.cs Line: 123)

AI response residentId=resident-002 source=Local succeeded=True
UnityEngine.Debug:ExtractStackTraceNoAlloc (byte*,int,string)
UnityEngine.StackTraceUtility:ExtractStackTrace () (at C:/build/output/unity/unity/Runtime/Export/Scripting/StackTrace.cs:35)
UnityEngine.DebugLogHandler:Internal_Log (UnityEngine.LogType,UnityEngine.LogOption,string,UnityEngine.Object)
UnityEngine.DebugLogHandler:LogFormat (UnityEngine.LogType,UnityEngine.Object,string,object[]) (at C:/build/output/unity/unity/Runtime/Export/Logging/DebugLogHandler.cs:9)
UnityEngine.Logger:Log (UnityEngine.LogType,object) (at C:/build/output/unity/unity/Runtime/Export/Logging/Logger.cs:60)
UnityEngine.Debug:Log (object) (at C:/build/output/unity/unity/Runtime/Export/Debug/Debug.bindings.cs:123)
AIFarm.Presentation.RemoteAiGatewayClient:LogResponse (AIFarm.Npc.ResidentId,AIFarm.Ai.AiGatewayMode,bool) (at C:/学习/研究生/Elys AI/面试模拟题/AIFarm/My project/Assets/AIFarm/Presentation/RemoteAiGatewayClient.cs:627)
AIFarm.Presentation.RemoteAiGatewayClient:CompleteRemote<AIFarm.Ai.ResidentDecisionSpec> (AIFarm.Ai.AiGatewayResult`1<AIFarm.Ai.ResidentDecisionSpec>,System.Action`1<AIFarm.Ai.AiGatewayResult`1<AIFarm.Ai.ResidentDecisionSpec>>) (at C:/学习/研究生/Elys AI/面试模拟题/AIFarm/My project/Assets/AIFarm/Presentation/RemoteAiGatewayClient.cs:506)
AIFarm.Presentation.RemoteAiGatewayClient/<DecideResident>d__23:MoveNext () (at C:/学习/研究生/Elys AI/面试模拟题/AIFarm/My project/Assets/AIFarm/Presentation/RemoteAiGatewayClient.cs:410)
AIFarm.Ai.AiRequestCoordinator/<Coordinate>d__39`1<AIFarm.Ai.ResidentDecisionSpec>:MoveNext () (at C:/学习/研究生/Elys AI/面试模拟题/AIFarm/My project/Assets/AIFarm/Ai/AiRequestCoordinator.cs:441)
UnityEngine.SetupCoroutine:InvokeMoveNext (System.Collections.IEnumerator,intptr) (at C:/build/output/unity/unity/Runtime/Export/Scripting/Coroutines.cs:17)

(Filename: C:/build/output/unity/unity/Runtime/Export/Debug/Debug.bindings.cs Line: 123)

AI request residentId=resident-003 operation=resident-decision
UnityEngine.Debug:ExtractStackTraceNoAlloc (byte*,int,string)
UnityEngine.StackTraceUtility:ExtractStackTrace () (at C:/build/output/unity/unity/Runtime/Export/Scripting/StackTrace.cs:35)
UnityEngine.DebugLogHandler:Internal_Log (UnityEngine.LogType,UnityEngine.LogOption,string,UnityEngine.Object)
UnityEngine.DebugLogHandler:LogFormat (UnityEngine.LogType,UnityEngine.Object,string,object[]) (at C:/build/output/unity/unity/Runtime/Export/Logging/DebugLogHandler.cs:9)
UnityEngine.Logger:Log (UnityEngine.LogType,object) (at C:/build/output/unity/unity/Runtime/Export/Logging/Logger.cs:60)
UnityEngine.Debug:Log (object) (at C:/build/output/unity/unity/Runtime/Export/Debug/Debug.bindings.cs:123)
AIFarm.Presentation.RemoteAiGatewayClient:LogRequest (AIFarm.Npc.ResidentId,string) (at C:/学习/研究生/Elys AI/面试模拟题/AIFarm/My project/Assets/AIFarm/Presentation/RemoteAiGatewayClient.cs:618)
AIFarm.Presentation.RemoteAiGatewayClient/<DecideResident>d__23:MoveNext () (at C:/学习/研究生/Elys AI/面试模拟题/AIFarm/My project/Assets/AIFarm/Presentation/RemoteAiGatewayClient.cs:391)
AIFarm.Ai.AiRequestCoordinator/<Coordinate>d__39`1<AIFarm.Ai.ResidentDecisionSpec>:MoveNext () (at C:/学习/研究生/Elys AI/面试模拟题/AIFarm/My project/Assets/AIFarm/Ai/AiRequestCoordinator.cs:441)
UnityEngine.SetupCoroutine:InvokeMoveNext (System.Collections.IEnumerator,intptr) (at C:/build/output/unity/unity/Runtime/Export/Scripting/Coroutines.cs:17)

(Filename: C:/build/output/unity/unity/Runtime/Export/Debug/Debug.bindings.cs Line: 123)

AI response residentId=resident-003 source=Local succeeded=True
UnityEngine.Debug:ExtractStackTraceNoAlloc (byte*,int,string)
UnityEngine.StackTraceUtility:ExtractStackTrace () (at C:/build/output/unity/unity/Runtime/Export/Scripting/StackTrace.cs:35)
UnityEngine.DebugLogHandler:Internal_Log (UnityEngine.LogType,UnityEngine.LogOption,string,UnityEngine.Object)
UnityEngine.DebugLogHandler:LogFormat (UnityEngine.LogType,UnityEngine.Object,string,object[]) (at C:/build/output/unity/unity/Runtime/Export/Logging/DebugLogHandler.cs:9)
UnityEngine.Logger:Log (UnityEngine.LogType,object) (at C:/build/output/unity/unity/Runtime/Export/Logging/Logger.cs:60)
UnityEngine.Debug:Log (object) (at C:/build/output/unity/unity/Runtime/Export/Debug/Debug.bindings.cs:123)
AIFarm.Presentation.RemoteAiGatewayClient:LogResponse (AIFarm.Npc.ResidentId,AIFarm.Ai.AiGatewayMode,bool) (at C:/学习/研究生/Elys AI/面试模拟题/AIFarm/My project/Assets/AIFarm/Presentation/RemoteAiGatewayClient.cs:627)
AIFarm.Presentation.RemoteAiGatewayClient:CompleteRemote<AIFarm.Ai.ResidentDecisionSpec> (AIFarm.Ai.AiGatewayResult`1<AIFarm.Ai.ResidentDecisionSpec>,System.Action`1<AIFarm.Ai.AiGatewayResult`1<AIFarm.Ai.ResidentDecisionSpec>>) (at C:/学习/研究生/Elys AI/面试模拟题/AIFarm/My project/Assets/AIFarm/Presentation/RemoteAiGatewayClient.cs:506)
AIFarm.Presentation.RemoteAiGatewayClient/<DecideResident>d__23:MoveNext () (at C:/学习/研究生/Elys AI/面试模拟题/AIFarm/My project/Assets/AIFarm/Presentation/RemoteAiGatewayClient.cs:410)
AIFarm.Ai.AiRequestCoordinator/<Coordinate>d__39`1<AIFarm.Ai.ResidentDecisionSpec>:MoveNext () (at C:/学习/研究生/Elys AI/面试模拟题/AIFarm/My project/Assets/AIFarm/Ai/AiRequestCoordinator.cs:441)
UnityEngine.SetupCoroutine:InvokeMoveNext (System.Collections.IEnumerator,intptr) (at C:/build/output/unity/unity/Runtime/Export/Scripting/Coroutines.cs:17)

(Filename: C:/build/output/unity/unity/Runtime/Export/Debug/Debug.bindings.cs Line: 123)

AI request residentId=resident-001 operation=resident-decision
UnityEngine.Debug:ExtractStackTraceNoAlloc (byte*,int,string)
UnityEngine.StackTraceUtility:ExtractStackTrace () (at C:/build/output/unity/unity/Runtime/Export/Scripting/StackTrace.cs:35)
UnityEngine.DebugLogHandler:Internal_Log (UnityEngine.LogType,UnityEngine.LogOption,string,UnityEngine.Object)
UnityEngine.DebugLogHandler:LogFormat (UnityEngine.LogType,UnityEngine.Object,string,object[]) (at C:/build/output/unity/unity/Runtime/Export/Logging/DebugLogHandler.cs:9)
UnityEngine.Logger:Log (UnityEngine.LogType,object) (at C:/build/output/unity/unity/Runtime/Export/Logging/Logger.cs:60)
UnityEngine.Debug:Log (object) (at C:/build/output/unity/unity/Runtime/Export/Debug/Debug.bindings.cs:123)
AIFarm.Presentation.RemoteAiGatewayClient:LogRequest (AIFarm.Npc.ResidentId,string) (at C:/学习/研究生/Elys AI/面试模拟题/AIFarm/My project/Assets/AIFarm/Presentation/RemoteAiGatewayClient.cs:618)
AIFarm.Presentation.RemoteAiGatewayClient/<DecideResident>d__23:MoveNext () (at C:/学习/研究生/Elys AI/面试模拟题/AIFarm/My project/Assets/AIFarm/Presentation/RemoteAiGatewayClient.cs:391)
AIFarm.Ai.AiRequestCoordinator/<Coordinate>d__39`1<AIFarm.Ai.ResidentDecisionSpec>:MoveNext () (at C:/学习/研究生/Elys AI/面试模拟题/AIFarm/My project/Assets/AIFarm/Ai/AiRequestCoordinator.cs:441)
UnityEngine.SetupCoroutine:InvokeMoveNext (System.Collections.IEnumerator,intptr) (at C:/build/output/unity/unity/Runtime/Export/Scripting/Coroutines.cs:17)

(Filename: C:/build/output/unity/unity/Runtime/Export/Debug/Debug.bindings.cs Line: 123)

AI response residentId=resident-001 source=Local succeeded=True
UnityEngine.Debug:ExtractStackTraceNoAlloc (byte*,int,string)
UnityEngine.StackTraceUtility:ExtractStackTrace () (at C:/build/output/unity/unity/Runtime/Export/Scripting/StackTrace.cs:35)
UnityEngine.DebugLogHandler:Internal_Log (UnityEngine.LogType,UnityEngine.LogOption,string,UnityEngine.Object)
UnityEngine.DebugLogHandler:LogFormat (UnityEngine.LogType,UnityEngine.Object,string,object[]) (at C:/build/output/unity/unity/Runtime/Export/Logging/DebugLogHandler.cs:9)
UnityEngine.Logger:Log (UnityEngine.LogType,object) (at C:/build/output/unity/unity/Runtime/Export/Logging/Logger.cs:60)
UnityEngine.Debug:Log (object) (at C:/build/output/unity/unity/Runtime/Export/Debug/Debug.bindings.cs:123)
AIFarm.Presentation.RemoteAiGatewayClient:LogResponse (AIFarm.Npc.ResidentId,AIFarm.Ai.AiGatewayMode,bool) (at C:/学习/研究生/Elys AI/面试模拟题/AIFarm/My project/Assets/AIFarm/Presentation/RemoteAiGatewayClient.cs:627)
AIFarm.Presentation.RemoteAiGatewayClient:CompleteRemote<AIFarm.Ai.ResidentDecisionSpec> (AIFarm.Ai.AiGatewayResult`1<AIFarm.Ai.ResidentDecisionSpec>,System.Action`1<AIFarm.Ai.AiGatewayResult`1<AIFarm.Ai.ResidentDecisionSpec>>) (at C:/学习/研究生/Elys AI/面试模拟题/AIFarm/My project/Assets/AIFarm/Presentation/RemoteAiGatewayClient.cs:506)
AIFarm.Presentation.RemoteAiGatewayClient/<DecideResident>d__23:MoveNext () (at C:/学习/研究生/Elys AI/面试模拟题/AIFarm/My project/Assets/AIFarm/Presentation/RemoteAiGatewayClient.cs:410)
AIFarm.Ai.AiRequestCoordinator/<Coordinate>d__39`1<AIFarm.Ai.ResidentDecisionSpec>:MoveNext () (at C:/学习/研究生/Elys AI/面试模拟题/AIFarm/My project/Assets/AIFarm/Ai/AiRequestCoordinator.cs:441)
UnityEngine.SetupCoroutine:InvokeMoveNext (System.Collections.IEnumerator,intptr) (at C:/build/output/unity/unity/Runtime/Export/Scripting/Coroutines.cs:17)

(Filename: C:/build/output/unity/unity/Runtime/Export/Debug/Debug.bindings.cs Line: 123)

AI request residentId=resident-004 operation=resident-decision
UnityEngine.Debug:ExtractStackTraceNoAlloc (byte*,int,string)
UnityEngine.StackTraceUtility:ExtractStackTrace () (at C:/build/output/unity/unity/Runtime/Export/Scripting/StackTrace.cs:35)
UnityEngine.DebugLogHandler:Internal_Log (UnityEngine.LogType,UnityEngine.LogOption,string,UnityEngine.Object)
UnityEngine.DebugLogHandler:LogFormat (UnityEngine.LogType,UnityEngine.Object,string,object[]) (at C:/build/output/unity/unity/Runtime/Export/Logging/DebugLogHandler.cs:9)
UnityEngine.Logger:Log (UnityEngine.LogType,object) (at C:/build/output/unity/unity/Runtime/Export/Logging/Logger.cs:60)
UnityEngine.Debug:Log (object) (at C:/build/output/unity/unity/Runtime/Export/Debug/Debug.bindings.cs:123)
AIFarm.Presentation.RemoteAiGatewayClient:LogRequest (AIFarm.Npc.ResidentId,string) (at C:/学习/研究生/Elys AI/面试模拟题/AIFarm/My project/Assets/AIFarm/Presentation/RemoteAiGatewayClient.cs:618)
AIFarm.Presentation.RemoteAiGatewayClient/<DecideResident>d__23:MoveNext () (at C:/学习/研究生/Elys AI/面试模拟题/AIFarm/My project/Assets/AIFarm/Presentation/RemoteAiGatewayClient.cs:391)
AIFarm.Ai.AiRequestCoordinator/<Coordinate>d__39`1<AIFarm.Ai.ResidentDecisionSpec>:MoveNext () (at C:/学习/研究生/Elys AI/面试模拟题/AIFarm/My project/Assets/AIFarm/Ai/AiRequestCoordinator.cs:441)
UnityEngine.SetupCoroutine:InvokeMoveNext (System.Collections.IEnumerator,intptr) (at C:/build/output/unity/unity/Runtime/Export/Scripting/Coroutines.cs:17)

(Filename: C:/build/output/unity/unity/Runtime/Export/Debug/Debug.bindings.cs Line: 123)

AI response residentId=resident-004 source=Local succeeded=True
UnityEngine.Debug:ExtractStackTraceNoAlloc (byte*,int,string)
UnityEngine.StackTraceUtility:ExtractStackTrace () (at C:/build/output/unity/unity/Runtime/Export/Scripting/StackTrace.cs:35)
UnityEngine.DebugLogHandler:Internal_Log (UnityEngine.LogType,UnityEngine.LogOption,string,UnityEngine.Object)
UnityEngine.DebugLogHandler:LogFormat (UnityEngine.LogType,UnityEngine.Object,string,object[]) (at C:/build/output/unity/unity/Runtime/Export/Logging/DebugLogHandler.cs:9)
UnityEngine.Logger:Log (UnityEngine.LogType,object) (at C:/build/output/unity/unity/Runtime/Export/Logging/Logger.cs:60)
UnityEngine.Debug:Log (object) (at C:/build/output/unity/unity/Runtime/Export/Debug/Debug.bindings.cs:123)
AIFarm.Presentation.RemoteAiGatewayClient:LogResponse (AIFarm.Npc.ResidentId,AIFarm.Ai.AiGatewayMode,bool) (at C:/学习/研究生/Elys AI/面试模拟题/AIFarm/My project/Assets/AIFarm/Presentation/RemoteAiGatewayClient.cs:627)
AIFarm.Presentation.RemoteAiGatewayClient:CompleteRemote<AIFarm.Ai.ResidentDecisionSpec> (AIFarm.Ai.AiGatewayResult`1<AIFarm.Ai.ResidentDecisionSpec>,System.Action`1<AIFarm.Ai.AiGatewayResult`1<AIFarm.Ai.ResidentDecisionSpec>>) (at C:/学习/研究生/Elys AI/面试模拟题/AIFarm/My project/Assets/AIFarm/Presentation/RemoteAiGatewayClient.cs:506)
AIFarm.Presentation.RemoteAiGatewayClient/<DecideResident>d__23:MoveNext () (at C:/学习/研究生/Elys AI/面试模拟题/AIFarm/My project/Assets/AIFarm/Presentation/RemoteAiGatewayClient.cs:410)
AIFarm.Ai.AiRequestCoordinator/<Coordinate>d__39`1<AIFarm.Ai.ResidentDecisionSpec>:MoveNext () (at C:/学习/研究生/Elys AI/面试模拟题/AIFarm/My project/Assets/AIFarm/Ai/AiRequestCoordinator.cs:441)
UnityEngine.SetupCoroutine:InvokeMoveNext (System.Collections.IEnumerator,intptr) (at C:/build/output/unity/unity/Runtime/Export/Scripting/Coroutines.cs:17)

(Filename: C:/build/output/unity/unity/Runtime/Export/Debug/Debug.bindings.cs Line: 123)

AI request residentId=resident-004 operation=resident-decision
UnityEngine.Debug:ExtractStackTraceNoAlloc (byte*,int,string)
UnityEngine.StackTraceUtility:ExtractStackTrace () (at C:/build/output/unity/unity/Runtime/Export/Scripting/StackTrace.cs:35)
UnityEngine.DebugLogHandler:Internal_Log (UnityEngine.LogType,UnityEngine.LogOption,string,UnityEngine.Object)
UnityEngine.DebugLogHandler:LogFormat (UnityEngine.LogType,UnityEngine.Object,string,object[]) (at C:/build/output/unity/unity/Runtime/Export/Logging/DebugLogHandler.cs:9)
UnityEngine.Logger:Log (UnityEngine.LogType,object) (at C:/build/output/unity/unity/Runtime/Export/Logging/Logger.cs:60)
UnityEngine.Debug:Log (object) (at C:/build/output/unity/unity/Runtime/Export/Debug/Debug.bindings.cs:123)
AIFarm.Presentation.RemoteAiGatewayClient:LogRequest (AIFarm.Npc.ResidentId,string) (at C:/学习/研究生/Elys AI/面试模拟题/AIFarm/My project/Assets/AIFarm/Presentation/RemoteAiGatewayClient.cs:618)
AIFarm.Presentation.RemoteAiGatewayClient/<DecideResident>d__23:MoveNext () (at C:/学习/研究生/Elys AI/面试模拟题/AIFarm/My project/Assets/AIFarm/Presentation/RemoteAiGatewayClient.cs:391)
AIFarm.Ai.AiRequestCoordinator/<Coordinate>d__39`1<AIFarm.Ai.ResidentDecisionSpec>:MoveNext () (at C:/学习/研究生/Elys AI/面试模拟题/AIFarm/My project/Assets/AIFarm/Ai/AiRequestCoordinator.cs:441)
UnityEngine.SetupCoroutine:InvokeMoveNext (System.Collections.IEnumerator,intptr) (at C:/build/output/unity/unity/Runtime/Export/Scripting/Coroutines.cs:17)

(Filename: C:/build/output/unity/unity/Runtime/Export/Debug/Debug.bindings.cs Line: 123)

AI response residentId=resident-004 source=Local succeeded=True
UnityEngine.Debug:ExtractStackTraceNoAlloc (byte*,int,string)
UnityEngine.StackTraceUtility:ExtractStackTrace () (at C:/build/output/unity/unity/Runtime/Export/Scripting/StackTrace.cs:35)
UnityEngine.DebugLogHandler:Internal_Log (UnityEngine.LogType,UnityEngine.LogOption,string,UnityEngine.Object)
UnityEngine.DebugLogHandler:LogFormat (UnityEngine.LogType,UnityEngine.Object,string,object[]) (at C:/build/output/unity/unity/Runtime/Export/Logging/DebugLogHandler.cs:9)
UnityEngine.Logger:Log (UnityEngine.LogType,object) (at C:/build/output/unity/unity/Runtime/Export/Logging/Logger.cs:60)
UnityEngine.Debug:Log (object) (at C:/build/output/unity/unity/Runtime/Export/Debug/Debug.bindings.cs:123)
AIFarm.Presentation.RemoteAiGatewayClient:LogResponse (AIFarm.Npc.ResidentId,AIFarm.Ai.AiGatewayMode,bool) (at C:/学习/研究生/Elys AI/面试模拟题/AIFarm/My project/Assets/AIFarm/Presentation/RemoteAiGatewayClient.cs:627)
AIFarm.Presentation.RemoteAiGatewayClient:CompleteRemote<AIFarm.Ai.ResidentDecisionSpec> (AIFarm.Ai.AiGatewayResult`1<AIFarm.Ai.ResidentDecisionSpec>,System.Action`1<AIFarm.Ai.AiGatewayResult`1<AIFarm.Ai.ResidentDecisionSpec>>) (at C:/学习/研究生/Elys AI/面试模拟题/AIFarm/My project/Assets/AIFarm/Presentation/RemoteAiGatewayClient.cs:506)
AIFarm.Presentation.RemoteAiGatewayClient/<DecideResident>d__23:MoveNext () (at C:/学习/研究生/Elys AI/面试模拟题/AIFarm/My project/Assets/AIFarm/Presentation/RemoteAiGatewayClient.cs:410)
AIFarm.Ai.AiRequestCoordinator/<Coordinate>d__39`1<AIFarm.Ai.ResidentDecisionSpec>:MoveNext () (at C:/学习/研究生/Elys AI/面试模拟题/AIFarm/My project/Assets/AIFarm/Ai/AiRequestCoordinator.cs:441)
UnityEngine.SetupCoroutine:InvokeMoveNext (System.Collections.IEnumerator,intptr) (at C:/build/output/unity/unity/Runtime/Export/Scripting/Coroutines.cs:17)

(Filename: C:/build/output/unity/unity/Runtime/Export/Debug/Debug.bindings.cs Line: 123)

AI request residentId=resident-002 operation=resident-decision
UnityEngine.Debug:ExtractStackTraceNoAlloc (byte*,int,string)
UnityEngine.StackTraceUtility:ExtractStackTrace () (at C:/build/output/unity/unity/Runtime/Export/Scripting/StackTrace.cs:35)
UnityEngine.DebugLogHandler:Internal_Log (UnityEngine.LogType,UnityEngine.LogOption,string,UnityEngine.Object)
UnityEngine.DebugLogHandler:LogFormat (UnityEngine.LogType,UnityEngine.Object,string,object[]) (at C:/build/output/unity/unity/Runtime/Export/Logging/DebugLogHandler.cs:9)
UnityEngine.Logger:Log (UnityEngine.LogType,object) (at C:/build/output/unity/unity/Runtime/Export/Logging/Logger.cs:60)
UnityEngine.Debug:Log (object) (at C:/build/output/unity/unity/Runtime/Export/Debug/Debug.bindings.cs:123)
AIFarm.Presentation.RemoteAiGatewayClient:LogRequest (AIFarm.Npc.ResidentId,string) (at C:/学习/研究生/Elys AI/面试模拟题/AIFarm/My project/Assets/AIFarm/Presentation/RemoteAiGatewayClient.cs:618)
AIFarm.Presentation.RemoteAiGatewayClient/<DecideResident>d__23:MoveNext () (at C:/学习/研究生/Elys AI/面试模拟题/AIFarm/My project/Assets/AIFarm/Presentation/RemoteAiGatewayClient.cs:391)
AIFarm.Ai.AiRequestCoordinator/<Coordinate>d__39`1<AIFarm.Ai.ResidentDecisionSpec>:MoveNext () (at C:/学习/研究生/Elys AI/面试模拟题/AIFarm/My project/Assets/AIFarm/Ai/AiRequestCoordinator.cs:441)
UnityEngine.SetupCoroutine:InvokeMoveNext (System.Collections.IEnumerator,intptr) (at C:/build/output/unity/unity/Runtime/Export/Scripting/Coroutines.cs:17)

(Filename: C:/build/output/unity/unity/Runtime/Export/Debug/Debug.bindings.cs Line: 123)

AI response residentId=resident-002 source=Local succeeded=True
UnityEngine.Debug:ExtractStackTraceNoAlloc (byte*,int,string)
UnityEngine.StackTraceUtility:ExtractStackTrace () (at C:/build/output/unity/unity/Runtime/Export/Scripting/StackTrace.cs:35)
UnityEngine.DebugLogHandler:Internal_Log (UnityEngine.LogType,UnityEngine.LogOption,string,UnityEngine.Object)
UnityEngine.DebugLogHandler:LogFormat (UnityEngine.LogType,UnityEngine.Object,string,object[]) (at C:/build/output/unity/unity/Runtime/Export/Logging/DebugLogHandler.cs:9)
UnityEngine.Logger:Log (UnityEngine.LogType,object) (at C:/build/output/unity/unity/Runtime/Export/Logging/Logger.cs:60)
UnityEngine.Debug:Log (object) (at C:/build/output/unity/unity/Runtime/Export/Debug/Debug.bindings.cs:123)
AIFarm.Presentation.RemoteAiGatewayClient:LogResponse (AIFarm.Npc.ResidentId,AIFarm.Ai.AiGatewayMode,bool) (at C:/学习/研究生/Elys AI/面试模拟题/AIFarm/My project/Assets/AIFarm/Presentation/RemoteAiGatewayClient.cs:627)
AIFarm.Presentation.RemoteAiGatewayClient:CompleteRemote<AIFarm.Ai.ResidentDecisionSpec> (AIFarm.Ai.AiGatewayResult`1<AIFarm.Ai.ResidentDecisionSpec>,System.Action`1<AIFarm.Ai.AiGatewayResult`1<AIFarm.Ai.ResidentDecisionSpec>>) (at C:/学习/研究生/Elys AI/面试模拟题/AIFarm/My project/Assets/AIFarm/Presentation/RemoteAiGatewayClient.cs:506)
AIFarm.Presentation.RemoteAiGatewayClient/<DecideResident>d__23:MoveNext () (at C:/学习/研究生/Elys AI/面试模拟题/AIFarm/My project/Assets/AIFarm/Presentation/RemoteAiGatewayClient.cs:410)
AIFarm.Ai.AiRequestCoordinator/<Coordinate>d__39`1<AIFarm.Ai.ResidentDecisionSpec>:MoveNext () (at C:/学习/研究生/Elys AI/面试模拟题/AIFarm/My project/Assets/AIFarm/Ai/AiRequestCoordinator.cs:441)
UnityEngine.SetupCoroutine:InvokeMoveNext (System.Collections.IEnumerator,intptr) (at C:/build/output/unity/unity/Runtime/Export/Scripting/Coroutines.cs:17)

(Filename: C:/build/output/unity/unity/Runtime/Export/Debug/Debug.bindings.cs Line: 123)

AI request residentId=resident-002 operation=resident-decision
UnityEngine.Debug:ExtractStackTraceNoAlloc (byte*,int,string)
UnityEngine.StackTraceUtility:ExtractStackTrace () (at C:/build/output/unity/unity/Runtime/Export/Scripting/StackTrace.cs:35)
UnityEngine.DebugLogHandler:Internal_Log (UnityEngine.LogType,UnityEngine.LogOption,string,UnityEngine.Object)
UnityEngine.DebugLogHandler:LogFormat (UnityEngine.LogType,UnityEngine.Object,string,object[]) (at C:/build/output/unity/unity/Runtime/Export/Logging/DebugLogHandler.cs:9)
UnityEngine.Logger:Log (UnityEngine.LogType,object) (at C:/build/output/unity/unity/Runtime/Export/Logging/Logger.cs:60)
UnityEngine.Debug:Log (object) (at C:/build/output/unity/unity/Runtime/Export/Debug/Debug.bindings.cs:123)
AIFarm.Presentation.RemoteAiGatewayClient:LogRequest (AIFarm.Npc.ResidentId,string) (at C:/学习/研究生/Elys AI/面试模拟题/AIFarm/My project/Assets/AIFarm/Presentation/RemoteAiGatewayClient.cs:618)
AIFarm.Presentation.RemoteAiGatewayClient/<DecideResident>d__23:MoveNext () (at C:/学习/研究生/Elys AI/面试模拟题/AIFarm/My project/Assets/AIFarm/Presentation/RemoteAiGatewayClient.cs:391)
AIFarm.Ai.AiRequestCoordinator/<Coordinate>d__39`1<AIFarm.Ai.ResidentDecisionSpec>:MoveNext () (at C:/学习/研究生/Elys AI/面试模拟题/AIFarm/My project/Assets/AIFarm/Ai/AiRequestCoordinator.cs:441)
UnityEngine.SetupCoroutine:InvokeMoveNext (System.Collections.IEnumerator,intptr) (at C:/build/output/unity/unity/Runtime/Export/Scripting/Coroutines.cs:17)

(Filename: C:/build/output/unity/unity/Runtime/Export/Debug/Debug.bindings.cs Line: 123)

AI response residentId=resident-002 source=Local succeeded=True
UnityEngine.Debug:ExtractStackTraceNoAlloc (byte*,int,string)
UnityEngine.StackTraceUtility:ExtractStackTrace () (at C:/build/output/unity/unity/Runtime/Export/Scripting/StackTrace.cs:35)
UnityEngine.DebugLogHandler:Internal_Log (UnityEngine.LogType,UnityEngine.LogOption,string,UnityEngine.Object)
UnityEngine.DebugLogHandler:LogFormat (UnityEngine.LogType,UnityEngine.Object,string,object[]) (at C:/build/output/unity/unity/Runtime/Export/Logging/DebugLogHandler.cs:9)
UnityEngine.Logger:Log (UnityEngine.LogType,object) (at C:/build/output/unity/unity/Runtime/Export/Logging/Logger.cs:60)
UnityEngine.Debug:Log (object) (at C:/build/output/unity/unity/Runtime/Export/Debug/Debug.bindings.cs:123)
AIFarm.Presentation.RemoteAiGatewayClient:LogResponse (AIFarm.Npc.ResidentId,AIFarm.Ai.AiGatewayMode,bool) (at C:/学习/研究生/Elys AI/面试模拟题/AIFarm/My project/Assets/AIFarm/Presentation/RemoteAiGatewayClient.cs:627)
AIFarm.Presentation.RemoteAiGatewayClient:CompleteRemote<AIFarm.Ai.ResidentDecisionSpec> (AIFarm.Ai.AiGatewayResult`1<AIFarm.Ai.ResidentDecisionSpec>,System.Action`1<AIFarm.Ai.AiGatewayResult`1<AIFarm.Ai.ResidentDecisionSpec>>) (at C:/学习/研究生/Elys AI/面试模拟题/AIFarm/My project/Assets/AIFarm/Presentation/RemoteAiGatewayClient.cs:506)
AIFarm.Presentation.RemoteAiGatewayClient/<DecideResident>d__23:MoveNext () (at C:/学习/研究生/Elys AI/面试模拟题/AIFarm/My project/Assets/AIFarm/Presentation/RemoteAiGatewayClient.cs:410)
AIFarm.Ai.AiRequestCoordinator/<Coordinate>d__39`1<AIFarm.Ai.ResidentDecisionSpec>:MoveNext () (at C:/学习/研究生/Elys AI/面试模拟题/AIFarm/My project/Assets/AIFarm/Ai/AiRequestCoordinator.cs:441)
UnityEngine.SetupCoroutine:InvokeMoveNext (System.Collections.IEnumerator,intptr) (at C:/build/output/unity/unity/Runtime/Export/Scripting/Coroutines.cs:17)

(Filename: C:/build/output/unity/unity/Runtime/Export/Debug/Debug.bindings.cs Line: 123)

AI request residentId=resident-001 operation=resident-decision
UnityEngine.Debug:ExtractStackTraceNoAlloc (byte*,int,string)
UnityEngine.StackTraceUtility:ExtractStackTrace () (at C:/build/output/unity/unity/Runtime/Export/Scripting/StackTrace.cs:35)
UnityEngine.DebugLogHandler:Internal_Log (UnityEngine.LogType,UnityEngine.LogOption,string,UnityEngine.Object)
UnityEngine.DebugLogHandler:LogFormat (UnityEngine.LogType,UnityEngine.Object,string,object[]) (at C:/build/output/unity/unity/Runtime/Export/Logging/DebugLogHandler.cs:9)
UnityEngine.Logger:Log (UnityEngine.LogType,object) (at C:/build/output/unity/unity/Runtime/Export/Logging/Logger.cs:60)
UnityEngine.Debug:Log (object) (at C:/build/output/unity/unity/Runtime/Export/Debug/Debug.bindings.cs:123)
AIFarm.Presentation.RemoteAiGatewayClient:LogRequest (AIFarm.Npc.ResidentId,string) (at C:/学习/研究生/Elys AI/面试模拟题/AIFarm/My project/Assets/AIFarm/Presentation/RemoteAiGatewayClient.cs:618)
AIFarm.Presentation.RemoteAiGatewayClient/<DecideResident>d__23:MoveNext () (at C:/学习/研究生/Elys AI/面试模拟题/AIFarm/My project/Assets/AIFarm/Presentation/RemoteAiGatewayClient.cs:391)
AIFarm.Ai.AiRequestCoordinator/<Coordinate>d__39`1<AIFarm.Ai.ResidentDecisionSpec>:MoveNext () (at C:/学习/研究生/Elys AI/面试模拟题/AIFarm/My project/Assets/AIFarm/Ai/AiRequestCoordinator.cs:441)
UnityEngine.SetupCoroutine:InvokeMoveNext (System.Collections.IEnumerator,intptr) (at C:/build/output/unity/unity/Runtime/Export/Scripting/Coroutines.cs:17)

(Filename: C:/build/output/unity/unity/Runtime/Export/Debug/Debug.bindings.cs Line: 123)

AI response residentId=resident-001 source=Local succeeded=True
UnityEngine.Debug:ExtractStackTraceNoAlloc (byte*,int,string)
UnityEngine.StackTraceUtility:ExtractStackTrace () (at C:/build/output/unity/unity/Runtime/Export/Scripting/StackTrace.cs:35)
UnityEngine.DebugLogHandler:Internal_Log (UnityEngine.LogType,UnityEngine.LogOption,string,UnityEngine.Object)
UnityEngine.DebugLogHandler:LogFormat (UnityEngine.LogType,UnityEngine.Object,string,object[]) (at C:/build/output/unity/unity/Runtime/Export/Logging/DebugLogHandler.cs:9)
UnityEngine.Logger:Log (UnityEngine.LogType,object) (at C:/build/output/unity/unity/Runtime/Export/Logging/Logger.cs:60)
UnityEngine.Debug:Log (object) (at C:/build/output/unity/unity/Runtime/Export/Debug/Debug.bindings.cs:123)
AIFarm.Presentation.RemoteAiGatewayClient:LogResponse (AIFarm.Npc.ResidentId,AIFarm.Ai.AiGatewayMode,bool) (at C:/学习/研究生/Elys AI/面试模拟题/AIFarm/My project/Assets/AIFarm/Presentation/RemoteAiGatewayClient.cs:627)
AIFarm.Presentation.RemoteAiGatewayClient:CompleteRemote<AIFarm.Ai.ResidentDecisionSpec> (AIFarm.Ai.AiGatewayResult`1<AIFarm.Ai.ResidentDecisionSpec>,System.Action`1<AIFarm.Ai.AiGatewayResult`1<AIFarm.Ai.ResidentDecisionSpec>>) (at C:/学习/研究生/Elys AI/面试模拟题/AIFarm/My project/Assets/AIFarm/Presentation/RemoteAiGatewayClient.cs:506)
AIFarm.Presentation.RemoteAiGatewayClient/<DecideResident>d__23:MoveNext () (at C:/学习/研究生/Elys AI/面试模拟题/AIFarm/My project/Assets/AIFarm/Presentation/RemoteAiGatewayClient.cs:410)
AIFarm.Ai.AiRequestCoordinator/<Coordinate>d__39`1<AIFarm.Ai.ResidentDecisionSpec>:MoveNext () (at C:/学习/研究生/Elys AI/面试模拟题/AIFarm/My project/Assets/AIFarm/Ai/AiRequestCoordinator.cs:441)
UnityEngine.SetupCoroutine:InvokeMoveNext (System.Collections.IEnumerator,intptr) (at C:/build/output/unity/unity/Runtime/Export/Scripting/Coroutines.cs:17)

(Filename: C:/build/output/unity/unity/Runtime/Export/Debug/Debug.bindings.cs Line: 123)

AI request residentId=resident-002 operation=resident-decision
UnityEngine.Debug:ExtractStackTraceNoAlloc (byte*,int,string)
UnityEngine.StackTraceUtility:ExtractStackTrace () (at C:/build/output/unity/unity/Runtime/Export/Scripting/StackTrace.cs:35)
UnityEngine.DebugLogHandler:Internal_Log (UnityEngine.LogType,UnityEngine.LogOption,string,UnityEngine.Object)
UnityEngine.DebugLogHandler:LogFormat (UnityEngine.LogType,UnityEngine.Object,string,object[]) (at C:/build/output/unity/unity/Runtime/Export/Logging/DebugLogHandler.cs:9)
UnityEngine.Logger:Log (UnityEngine.LogType,object) (at C:/build/output/unity/unity/Runtime/Export/Logging/Logger.cs:60)
UnityEngine.Debug:Log (object) (at C:/build/output/unity/unity/Runtime/Export/Debug/Debug.bindings.cs:123)
AIFarm.Presentation.RemoteAiGatewayClient:LogRequest (AIFarm.Npc.ResidentId,string) (at C:/学习/研究生/Elys AI/面试模拟题/AIFarm/My project/Assets/AIFarm/Presentation/RemoteAiGatewayClient.cs:618)
AIFarm.Presentation.RemoteAiGatewayClient/<DecideResident>d__23:MoveNext () (at C:/学习/研究生/Elys AI/面试模拟题/AIFarm/My project/Assets/AIFarm/Presentation/RemoteAiGatewayClient.cs:391)
AIFarm.Ai.AiRequestCoordinator/<Coordinate>d__39`1<AIFarm.Ai.ResidentDecisionSpec>:MoveNext () (at C:/学习/研究生/Elys AI/面试模拟题/AIFarm/My project/Assets/AIFarm/Ai/AiRequestCoordinator.cs:441)
UnityEngine.SetupCoroutine:InvokeMoveNext (System.Collections.IEnumerator,intptr) (at C:/build/output/unity/unity/Runtime/Export/Scripting/Coroutines.cs:17)

(Filename: C:/build/output/unity/unity/Runtime/Export/Debug/Debug.bindings.cs Line: 123)

AI request residentId=resident-003 operation=resident-decision
UnityEngine.Debug:ExtractStackTraceNoAlloc (byte*,int,string)
UnityEngine.StackTraceUtility:ExtractStackTrace () (at C:/build/output/unity/unity/Runtime/Export/Scripting/StackTrace.cs:35)
UnityEngine.DebugLogHandler:Internal_Log (UnityEngine.LogType,UnityEngine.LogOption,string,UnityEngine.Object)
UnityEngine.DebugLogHandler:LogFormat (UnityEngine.LogType,UnityEngine.Object,string,object[]) (at C:/build/output/unity/unity/Runtime/Export/Logging/DebugLogHandler.cs:9)
UnityEngine.Logger:Log (UnityEngine.LogType,object) (at C:/build/output/unity/unity/Runtime/Export/Logging/Logger.cs:60)
UnityEngine.Debug:Log (object) (at C:/build/output/unity/unity/Runtime/Export/Debug/Debug.bindings.cs:123)
AIFarm.Presentation.RemoteAiGatewayClient:LogRequest (AIFarm.Npc.ResidentId,string) (at C:/学习/研究生/Elys AI/面试模拟题/AIFarm/My project/Assets/AIFarm/Presentation/RemoteAiGatewayClient.cs:618)
AIFarm.Presentation.RemoteAiGatewayClient/<DecideResident>d__23:MoveNext () (at C:/学习/研究生/Elys AI/面试模拟题/AIFarm/My project/Assets/AIFarm/Presentation/RemoteAiGatewayClient.cs:391)
AIFarm.Ai.AiRequestCoordinator/<Coordinate>d__39`1<AIFarm.Ai.ResidentDecisionSpec>:MoveNext () (at C:/学习/研究生/Elys AI/面试模拟题/AIFarm/My project/Assets/AIFarm/Ai/AiRequestCoordinator.cs:441)
UnityEngine.SetupCoroutine:InvokeMoveNext (System.Collections.IEnumerator,intptr) (at C:/build/output/unity/unity/Runtime/Export/Scripting/Coroutines.cs:17)

(Filename: C:/build/output/unity/unity/Runtime/Export/Debug/Debug.bindings.cs Line: 123)

AI response residentId=resident-002 source=Local succeeded=True
UnityEngine.Debug:ExtractStackTraceNoAlloc (byte*,int,string)
UnityEngine.StackTraceUtility:ExtractStackTrace () (at C:/build/output/unity/unity/Runtime/Export/Scripting/StackTrace.cs:35)
UnityEngine.DebugLogHandler:Internal_Log (UnityEngine.LogType,UnityEngine.LogOption,string,UnityEngine.Object)
UnityEngine.DebugLogHandler:LogFormat (UnityEngine.LogType,UnityEngine.Object,string,object[]) (at C:/build/output/unity/unity/Runtime/Export/Logging/DebugLogHandler.cs:9)
UnityEngine.Logger:Log (UnityEngine.LogType,object) (at C:/build/output/unity/unity/Runtime/Export/Logging/Logger.cs:60)
UnityEngine.Debug:Log (object) (at C:/build/output/unity/unity/Runtime/Export/Debug/Debug.bindings.cs:123)
AIFarm.Presentation.RemoteAiGatewayClient:LogResponse (AIFarm.Npc.ResidentId,AIFarm.Ai.AiGatewayMode,bool) (at C:/学习/研究生/Elys AI/面试模拟题/AIFarm/My project/Assets/AIFarm/Presentation/RemoteAiGatewayClient.cs:627)
AIFarm.Presentation.RemoteAiGatewayClient:CompleteRemote<AIFarm.Ai.ResidentDecisionSpec> (AIFarm.Ai.AiGatewayResult`1<AIFarm.Ai.ResidentDecisionSpec>,System.Action`1<AIFarm.Ai.AiGatewayResult`1<AIFarm.Ai.ResidentDecisionSpec>>) (at C:/学习/研究生/Elys AI/面试模拟题/AIFarm/My project/Assets/AIFarm/Presentation/RemoteAiGatewayClient.cs:506)
AIFarm.Presentation.RemoteAiGatewayClient/<DecideResident>d__23:MoveNext () (at C:/学习/研究生/Elys AI/面试模拟题/AIFarm/My project/Assets/AIFarm/Presentation/RemoteAiGatewayClient.cs:410)
AIFarm.Ai.AiRequestCoordinator/<Coordinate>d__39`1<AIFarm.Ai.ResidentDecisionSpec>:MoveNext () (at C:/学习/研究生/Elys AI/面试模拟题/AIFarm/My project/Assets/AIFarm/Ai/AiRequestCoordinator.cs:441)
UnityEngine.SetupCoroutine:InvokeMoveNext (System.Collections.IEnumerator,intptr) (at C:/build/output/unity/unity/Runtime/Export/Scripting/Coroutines.cs:17)

(Filename: C:/build/output/unity/unity/Runtime/Export/Debug/Debug.bindings.cs Line: 123)

AI response residentId=resident-003 source=Local succeeded=True
UnityEngine.Debug:ExtractStackTraceNoAlloc (byte*,int,string)
UnityEngine.StackTraceUtility:ExtractStackTrace () (at C:/build/output/unity/unity/Runtime/Export/Scripting/StackTrace.cs:35)
UnityEngine.DebugLogHandler:Internal_Log (UnityEngine.LogType,UnityEngine.LogOption,string,UnityEngine.Object)
UnityEngine.DebugLogHandler:LogFormat (UnityEngine.LogType,UnityEngine.Object,string,object[]) (at C:/build/output/unity/unity/Runtime/Export/Logging/DebugLogHandler.cs:9)
UnityEngine.Logger:Log (UnityEngine.LogType,object) (at C:/build/output/unity/unity/Runtime/Export/Logging/Logger.cs:60)
UnityEngine.Debug:Log (object) (at C:/build/output/unity/unity/Runtime/Export/Debug/Debug.bindings.cs:123)
AIFarm.Presentation.RemoteAiGatewayClient:LogResponse (AIFarm.Npc.ResidentId,AIFarm.Ai.AiGatewayMode,bool) (at C:/学习/研究生/Elys AI/面试模拟题/AIFarm/My project/Assets/AIFarm/Presentation/RemoteAiGatewayClient.cs:627)
AIFarm.Presentation.RemoteAiGatewayClient:CompleteRemote<AIFarm.Ai.ResidentDecisionSpec> (AIFarm.Ai.AiGatewayResult`1<AIFarm.Ai.ResidentDecisionSpec>,System.Action`1<AIFarm.Ai.AiGatewayResult`1<AIFarm.Ai.ResidentDecisionSpec>>) (at C:/学习/研究生/Elys AI/面试模拟题/AIFarm/My project/Assets/AIFarm/Presentation/RemoteAiGatewayClient.cs:506)
AIFarm.Presentation.RemoteAiGatewayClient/<DecideResident>d__23:MoveNext () (at C:/学习/研究生/Elys AI/面试模拟题/AIFarm/My project/Assets/AIFarm/Presentation/RemoteAiGatewayClient.cs:410)
AIFarm.Ai.AiRequestCoordinator/<Coordinate>d__39`1<AIFarm.Ai.ResidentDecisionSpec>:MoveNext () (at C:/学习/研究生/Elys AI/面试模拟题/AIFarm/My project/Assets/AIFarm/Ai/AiRequestCoordinator.cs:441)
UnityEngine.SetupCoroutine:InvokeMoveNext (System.Collections.IEnumerator,intptr) (at C:/build/output/unity/unity/Runtime/Export/Scripting/Coroutines.cs:17)

(Filename: C:/build/output/unity/unity/Runtime/Export/Debug/Debug.bindings.cs Line: 123)

AI request residentId=resident-003 operation=resident-decision
UnityEngine.Debug:ExtractStackTraceNoAlloc (byte*,int,string)
UnityEngine.StackTraceUtility:ExtractStackTrace () (at C:/build/output/unity/unity/Runtime/Export/Scripting/StackTrace.cs:35)
UnityEngine.DebugLogHandler:Internal_Log (UnityEngine.LogType,UnityEngine.LogOption,string,UnityEngine.Object)
UnityEngine.DebugLogHandler:LogFormat (UnityEngine.LogType,UnityEngine.Object,string,object[]) (at C:/build/output/unity/unity/Runtime/Export/Logging/DebugLogHandler.cs:9)
UnityEngine.Logger:Log (UnityEngine.LogType,object) (at C:/build/output/unity/unity/Runtime/Export/Logging/Logger.cs:60)
UnityEngine.Debug:Log (object) (at C:/build/output/unity/unity/Runtime/Export/Debug/Debug.bindings.cs:123)
AIFarm.Presentation.RemoteAiGatewayClient:LogRequest (AIFarm.Npc.ResidentId,string) (at C:/学习/研究生/Elys AI/面试模拟题/AIFarm/My project/Assets/AIFarm/Presentation/RemoteAiGatewayClient.cs:618)
AIFarm.Presentation.RemoteAiGatewayClient/<DecideResident>d__23:MoveNext () (at C:/学习/研究生/Elys AI/面试模拟题/AIFarm/My project/Assets/AIFarm/Presentation/RemoteAiGatewayClient.cs:391)
AIFarm.Ai.AiRequestCoordinator/<Coordinate>d__39`1<AIFarm.Ai.ResidentDecisionSpec>:MoveNext () (at C:/学习/研究生/Elys AI/面试模拟题/AIFarm/My project/Assets/AIFarm/Ai/AiRequestCoordinator.cs:441)
UnityEngine.SetupCoroutine:InvokeMoveNext (System.Collections.IEnumerator,intptr) (at C:/build/output/unity/unity/Runtime/Export/Scripting/Coroutines.cs:17)

(Filename: C:/build/output/unity/unity/Runtime/Export/Debug/Debug.bindings.cs Line: 123)

AI response residentId=resident-003 source=Local succeeded=True
UnityEngine.Debug:ExtractStackTraceNoAlloc (byte*,int,string)
UnityEngine.StackTraceUtility:ExtractStackTrace () (at C:/build/output/unity/unity/Runtime/Export/Scripting/StackTrace.cs:35)
UnityEngine.DebugLogHandler:Internal_Log (UnityEngine.LogType,UnityEngine.LogOption,string,UnityEngine.Object)
UnityEngine.DebugLogHandler:LogFormat (UnityEngine.LogType,UnityEngine.Object,string,object[]) (at C:/build/output/unity/unity/Runtime/Export/Logging/DebugLogHandler.cs:9)
UnityEngine.Logger:Log (UnityEngine.LogType,object) (at C:/build/output/unity/unity/Runtime/Export/Logging/Logger.cs:60)
UnityEngine.Debug:Log (object) (at C:/build/output/unity/unity/Runtime/Export/Debug/Debug.bindings.cs:123)
AIFarm.Presentation.RemoteAiGatewayClient:LogResponse (AIFarm.Npc.ResidentId,AIFarm.Ai.AiGatewayMode,bool) (at C:/学习/研究生/Elys AI/面试模拟题/AIFarm/My project/Assets/AIFarm/Presentation/RemoteAiGatewayClient.cs:627)
AIFarm.Presentation.RemoteAiGatewayClient:CompleteRemote<AIFarm.Ai.ResidentDecisionSpec> (AIFarm.Ai.AiGatewayResult`1<AIFarm.Ai.ResidentDecisionSpec>,System.Action`1<AIFarm.Ai.AiGatewayResult`1<AIFarm.Ai.ResidentDecisionSpec>>) (at C:/学习/研究生/Elys AI/面试模拟题/AIFarm/My project/Assets/AIFarm/Presentation/RemoteAiGatewayClient.cs:506)
AIFarm.Presentation.RemoteAiGatewayClient/<DecideResident>d__23:MoveNext () (at C:/学习/研究生/Elys AI/面试模拟题/AIFarm/My project/Assets/AIFarm/Presentation/RemoteAiGatewayClient.cs:410)
AIFarm.Ai.AiRequestCoordinator/<Coordinate>d__39`1<AIFarm.Ai.ResidentDecisionSpec>:MoveNext () (at C:/学习/研究生/Elys AI/面试模拟题/AIFarm/My project/Assets/AIFarm/Ai/AiRequestCoordinator.cs:441)
UnityEngine.SetupCoroutine:InvokeMoveNext (System.Collections.IEnumerator,intptr) (at C:/build/output/unity/unity/Runtime/Export/Scripting/Coroutines.cs:17)

(Filename: C:/build/output/unity/unity/Runtime/Export/Debug/Debug.bindings.cs Line: 123)

AI request residentId=resident-004 operation=resident-decision
UnityEngine.Debug:ExtractStackTraceNoAlloc (byte*,int,string)
UnityEngine.StackTraceUtility:ExtractStackTrace () (at C:/build/output/unity/unity/Runtime/Export/Scripting/StackTrace.cs:35)
UnityEngine.DebugLogHandler:Internal_Log (UnityEngine.LogType,UnityEngine.LogOption,string,UnityEngine.Object)
UnityEngine.DebugLogHandler:LogFormat (UnityEngine.LogType,UnityEngine.Object,string,object[]) (at C:/build/output/unity/unity/Runtime/Export/Logging/DebugLogHandler.cs:9)
UnityEngine.Logger:Log (UnityEngine.LogType,object) (at C:/build/output/unity/unity/Runtime/Export/Logging/Logger.cs:60)
UnityEngine.Debug:Log (object) (at C:/build/output/unity/unity/Runtime/Export/Debug/Debug.bindings.cs:123)
AIFarm.Presentation.RemoteAiGatewayClient:LogRequest (AIFarm.Npc.ResidentId,string) (at C:/学习/研究生/Elys AI/面试模拟题/AIFarm/My project/Assets/AIFarm/Presentation/RemoteAiGatewayClient.cs:618)
AIFarm.Presentation.RemoteAiGatewayClient/<DecideResident>d__23:MoveNext () (at C:/学习/研究生/Elys AI/面试模拟题/AIFarm/My project/Assets/AIFarm/Presentation/RemoteAiGatewayClient.cs:391)
AIFarm.Ai.AiRequestCoordinator/<Coordinate>d__39`1<AIFarm.Ai.ResidentDecisionSpec>:MoveNext () (at C:/学习/研究生/Elys AI/面试模拟题/AIFarm/My project/Assets/AIFarm/Ai/AiRequestCoordinator.cs:441)
UnityEngine.SetupCoroutine:InvokeMoveNext (System.Collections.IEnumerator,intptr) (at C:/build/output/unity/unity/Runtime/Export/Scripting/Coroutines.cs:17)

(Filename: C:/build/output/unity/unity/Runtime/Export/Debug/Debug.bindings.cs Line: 123)

AI response residentId=resident-004 source=Local succeeded=True
UnityEngine.Debug:ExtractStackTraceNoAlloc (byte*,int,string)
UnityEngine.StackTraceUtility:ExtractStackTrace () (at C:/build/output/unity/unity/Runtime/Export/Scripting/StackTrace.cs:35)
UnityEngine.DebugLogHandler:Internal_Log (UnityEngine.LogType,UnityEngine.LogOption,string,UnityEngine.Object)
UnityEngine.DebugLogHandler:LogFormat (UnityEngine.LogType,UnityEngine.Object,string,object[]) (at C:/build/output/unity/unity/Runtime/Export/Logging/DebugLogHandler.cs:9)
UnityEngine.Logger:Log (UnityEngine.LogType,object) (at C:/build/output/unity/unity/Runtime/Export/Logging/Logger.cs:60)
UnityEngine.Debug:Log (object) (at C:/build/output/unity/unity/Runtime/Export/Debug/Debug.bindings.cs:123)
AIFarm.Presentation.RemoteAiGatewayClient:LogResponse (AIFarm.Npc.ResidentId,AIFarm.Ai.AiGatewayMode,bool) (at C:/学习/研究生/Elys AI/面试模拟题/AIFarm/My project/Assets/AIFarm/Presentation/RemoteAiGatewayClient.cs:627)
AIFarm.Presentation.RemoteAiGatewayClient:CompleteRemote<AIFarm.Ai.ResidentDecisionSpec> (AIFarm.Ai.AiGatewayResult`1<AIFarm.Ai.ResidentDecisionSpec>,System.Action`1<AIFarm.Ai.AiGatewayResult`1<AIFarm.Ai.ResidentDecisionSpec>>) (at C:/学习/研究生/Elys AI/面试模拟题/AIFarm/My project/Assets/AIFarm/Presentation/RemoteAiGatewayClient.cs:506)
AIFarm.Presentation.RemoteAiGatewayClient/<DecideResident>d__23:MoveNext () (at C:/学习/研究生/Elys AI/面试模拟题/AIFarm/My project/Assets/AIFarm/Presentation/RemoteAiGatewayClient.cs:410)
AIFarm.Ai.AiRequestCoordinator/<Coordinate>d__39`1<AIFarm.Ai.ResidentDecisionSpec>:MoveNext () (at C:/学习/研究生/Elys AI/面试模拟题/AIFarm/My project/Assets/AIFarm/Ai/AiRequestCoordinator.cs:441)
UnityEngine.SetupCoroutine:InvokeMoveNext (System.Collections.IEnumerator,intptr) (at C:/build/output/unity/unity/Runtime/Export/Scripting/Coroutines.cs:17)

(Filename: C:/build/output/unity/unity/Runtime/Export/Debug/Debug.bindings.cs Line: 123)

AI request residentId=resident-002 operation=resident-decision
UnityEngine.Debug:ExtractStackTraceNoAlloc (byte*,int,string)
UnityEngine.StackTraceUtility:ExtractStackTrace () (at C:/build/output/unity/unity/Runtime/Export/Scripting/StackTrace.cs:35)
UnityEngine.DebugLogHandler:Internal_Log (UnityEngine.LogType,UnityEngine.LogOption,string,UnityEngine.Object)
UnityEngine.DebugLogHandler:LogFormat (UnityEngine.LogType,UnityEngine.Object,string,object[]) (at C:/build/output/unity/unity/Runtime/Export/Logging/DebugLogHandler.cs:9)
UnityEngine.Logger:Log (UnityEngine.LogType,object) (at C:/build/output/unity/unity/Runtime/Export/Logging/Logger.cs:60)
UnityEngine.Debug:Log (object) (at C:/build/output/unity/unity/Runtime/Export/Debug/Debug.bindings.cs:123)
AIFarm.Presentation.RemoteAiGatewayClient:LogRequest (AIFarm.Npc.ResidentId,string) (at C:/学习/研究生/Elys AI/面试模拟题/AIFarm/My project/Assets/AIFarm/Presentation/RemoteAiGatewayClient.cs:618)
AIFarm.Presentation.RemoteAiGatewayClient/<DecideResident>d__23:MoveNext () (at C:/学习/研究生/Elys AI/面试模拟题/AIFarm/My project/Assets/AIFarm/Presentation/RemoteAiGatewayClient.cs:391)
AIFarm.Ai.AiRequestCoordinator/<Coordinate>d__39`1<AIFarm.Ai.ResidentDecisionSpec>:MoveNext () (at C:/学习/研究生/Elys AI/面试模拟题/AIFarm/My project/Assets/AIFarm/Ai/AiRequestCoordinator.cs:441)
UnityEngine.SetupCoroutine:InvokeMoveNext (System.Collections.IEnumerator,intptr) (at C:/build/output/unity/unity/Runtime/Export/Scripting/Coroutines.cs:17)

(Filename: C:/build/output/unity/unity/Runtime/Export/Debug/Debug.bindings.cs Line: 123)

AI request residentId=resident-003 operation=resident-decision
UnityEngine.Debug:ExtractStackTraceNoAlloc (byte*,int,string)
UnityEngine.StackTraceUtility:ExtractStackTrace () (at C:/build/output/unity/unity/Runtime/Export/Scripting/StackTrace.cs:35)
UnityEngine.DebugLogHandler:Internal_Log (UnityEngine.LogType,UnityEngine.LogOption,string,UnityEngine.Object)
UnityEngine.DebugLogHandler:LogFormat (UnityEngine.LogType,UnityEngine.Object,string,object[]) (at C:/build/output/unity/unity/Runtime/Export/Logging/DebugLogHandler.cs:9)
UnityEngine.Logger:Log (UnityEngine.LogType,object) (at C:/build/output/unity/unity/Runtime/Export/Logging/Logger.cs:60)
UnityEngine.Debug:Log (object) (at C:/build/output/unity/unity/Runtime/Export/Debug/Debug.bindings.cs:123)
AIFarm.Presentation.RemoteAiGatewayClient:LogRequest (AIFarm.Npc.ResidentId,string) (at C:/学习/研究生/Elys AI/面试模拟题/AIFarm/My project/Assets/AIFarm/Presentation/RemoteAiGatewayClient.cs:618)
AIFarm.Presentation.RemoteAiGatewayClient/<DecideResident>d__23:MoveNext () (at C:/学习/研究生/Elys AI/面试模拟题/AIFarm/My project/Assets/AIFarm/Presentation/RemoteAiGatewayClient.cs:391)
AIFarm.Ai.AiRequestCoordinator/<Coordinate>d__39`1<AIFarm.Ai.ResidentDecisionSpec>:MoveNext () (at C:/学习/研究生/Elys AI/面试模拟题/AIFarm/My project/Assets/AIFarm/Ai/AiRequestCoordinator.cs:441)
UnityEngine.SetupCoroutine:InvokeMoveNext (System.Collections.IEnumerator,intptr) (at C:/build/output/unity/unity/Runtime/Export/Scripting/Coroutines.cs:17)

(Filename: C:/build/output/unity/unity/Runtime/Export/Debug/Debug.bindings.cs Line: 123)

AI response residentId=resident-002 source=Local succeeded=True
UnityEngine.Debug:ExtractStackTraceNoAlloc (byte*,int,string)
UnityEngine.StackTraceUtility:ExtractStackTrace () (at C:/build/output/unity/unity/Runtime/Export/Scripting/StackTrace.cs:35)
UnityEngine.DebugLogHandler:Internal_Log (UnityEngine.LogType,UnityEngine.LogOption,string,UnityEngine.Object)
UnityEngine.DebugLogHandler:LogFormat (UnityEngine.LogType,UnityEngine.Object,string,object[]) (at C:/build/output/unity/unity/Runtime/Export/Logging/DebugLogHandler.cs:9)
UnityEngine.Logger:Log (UnityEngine.LogType,object) (at C:/build/output/unity/unity/Runtime/Export/Logging/Logger.cs:60)
UnityEngine.Debug:Log (object) (at C:/build/output/unity/unity/Runtime/Export/Debug/Debug.bindings.cs:123)
AIFarm.Presentation.RemoteAiGatewayClient:LogResponse (AIFarm.Npc.ResidentId,AIFarm.Ai.AiGatewayMode,bool) (at C:/学习/研究生/Elys AI/面试模拟题/AIFarm/My project/Assets/AIFarm/Presentation/RemoteAiGatewayClient.cs:627)
AIFarm.Presentation.RemoteAiGatewayClient:CompleteRemote<AIFarm.Ai.ResidentDecisionSpec> (AIFarm.Ai.AiGatewayResult`1<AIFarm.Ai.ResidentDecisionSpec>,System.Action`1<AIFarm.Ai.AiGatewayResult`1<AIFarm.Ai.ResidentDecisionSpec>>) (at C:/学习/研究生/Elys AI/面试模拟题/AIFarm/My project/Assets/AIFarm/Presentation/RemoteAiGatewayClient.cs:506)
AIFarm.Presentation.RemoteAiGatewayClient/<DecideResident>d__23:MoveNext () (at C:/学习/研究生/Elys AI/面试模拟题/AIFarm/My project/Assets/AIFarm/Presentation/RemoteAiGatewayClient.cs:410)
AIFarm.Ai.AiRequestCoordinator/<Coordinate>d__39`1<AIFarm.Ai.ResidentDecisionSpec>:MoveNext () (at C:/学习/研究生/Elys AI/面试模拟题/AIFarm/My project/Assets/AIFarm/Ai/AiRequestCoordinator.cs:441)
UnityEngine.SetupCoroutine:InvokeMoveNext (System.Collections.IEnumerator,intptr) (at C:/build/output/unity/unity/Runtime/Export/Scripting/Coroutines.cs:17)

(Filename: C:/build/output/unity/unity/Runtime/Export/Debug/Debug.bindings.cs Line: 123)

AI response residentId=resident-003 source=Local succeeded=True
UnityEngine.Debug:ExtractStackTraceNoAlloc (byte*,int,string)
UnityEngine.StackTraceUtility:ExtractStackTrace () (at C:/build/output/unity/unity/Runtime/Export/Scripting/StackTrace.cs:35)
UnityEngine.DebugLogHandler:Internal_Log (UnityEngine.LogType,UnityEngine.LogOption,string,UnityEngine.Object)
UnityEngine.DebugLogHandler:LogFormat (UnityEngine.LogType,UnityEngine.Object,string,object[]) (at C:/build/output/unity/unity/Runtime/Export/Logging/DebugLogHandler.cs:9)
UnityEngine.Logger:Log (UnityEngine.LogType,object) (at C:/build/output/unity/unity/Runtime/Export/Logging/Logger.cs:60)
UnityEngine.Debug:Log (object) (at C:/build/output/unity/unity/Runtime/Export/Debug/Debug.bindings.cs:123)
AIFarm.Presentation.RemoteAiGatewayClient:LogResponse (AIFarm.Npc.ResidentId,AIFarm.Ai.AiGatewayMode,bool) (at C:/学习/研究生/Elys AI/面试模拟题/AIFarm/My project/Assets/AIFarm/Presentation/RemoteAiGatewayClient.cs:627)
AIFarm.Presentation.RemoteAiGatewayClient:CompleteRemote<AIFarm.Ai.ResidentDecisionSpec> (AIFarm.Ai.AiGatewayResult`1<AIFarm.Ai.ResidentDecisionSpec>,System.Action`1<AIFarm.Ai.AiGatewayResult`1<AIFarm.Ai.ResidentDecisionSpec>>) (at C:/学习/研究生/Elys AI/面试模拟题/AIFarm/My project/Assets/AIFarm/Presentation/RemoteAiGatewayClient.cs:506)
AIFarm.Presentation.RemoteAiGatewayClient/<DecideResident>d__23:MoveNext () (at C:/学习/研究生/Elys AI/面试模拟题/AIFarm/My project/Assets/AIFarm/Presentation/RemoteAiGatewayClient.cs:410)
AIFarm.Ai.AiRequestCoordinator/<Coordinate>d__39`1<AIFarm.Ai.ResidentDecisionSpec>:MoveNext () (at C:/学习/研究生/Elys AI/面试模拟题/AIFarm/My project/Assets/AIFarm/Ai/AiRequestCoordinator.cs:441)
UnityEngine.SetupCoroutine:InvokeMoveNext (System.Collections.IEnumerator,intptr) (at C:/build/output/unity/unity/Runtime/Export/Scripting/Coroutines.cs:17)

(Filename: C:/build/output/unity/unity/Runtime/Export/Debug/Debug.bindings.cs Line: 123)

AI request residentId=resident-004 operation=resident-decision
UnityEngine.Debug:ExtractStackTraceNoAlloc (byte*,int,string)
UnityEngine.StackTraceUtility:ExtractStackTrace () (at C:/build/output/unity/unity/Runtime/Export/Scripting/StackTrace.cs:35)
UnityEngine.DebugLogHandler:Internal_Log (UnityEngine.LogType,UnityEngine.LogOption,string,UnityEngine.Object)
UnityEngine.DebugLogHandler:LogFormat (UnityEngine.LogType,UnityEngine.Object,string,object[]) (at C:/build/output/unity/unity/Runtime/Export/Logging/DebugLogHandler.cs:9)
UnityEngine.Logger:Log (UnityEngine.LogType,object) (at C:/build/output/unity/unity/Runtime/Export/Logging/Logger.cs:60)
UnityEngine.Debug:Log (object) (at C:/build/output/unity/unity/Runtime/Export/Debug/Debug.bindings.cs:123)
AIFarm.Presentation.RemoteAiGatewayClient:LogRequest (AIFarm.Npc.ResidentId,string) (at C:/学习/研究生/Elys AI/面试模拟题/AIFarm/My project/Assets/AIFarm/Presentation/RemoteAiGatewayClient.cs:618)
AIFarm.Presentation.RemoteAiGatewayClient/<DecideResident>d__23:MoveNext () (at C:/学习/研究生/Elys AI/面试模拟题/AIFarm/My project/Assets/AIFarm/Presentation/RemoteAiGatewayClient.cs:391)
AIFarm.Ai.AiRequestCoordinator/<Coordinate>d__39`1<AIFarm.Ai.ResidentDecisionSpec>:MoveNext () (at C:/学习/研究生/Elys AI/面试模拟题/AIFarm/My project/Assets/AIFarm/Ai/AiRequestCoordinator.cs:441)
UnityEngine.SetupCoroutine:InvokeMoveNext (System.Collections.IEnumerator,intptr) (at C:/build/output/unity/unity/Runtime/Export/Scripting/Coroutines.cs:17)

(Filename: C:/build/output/unity/unity/Runtime/Export/Debug/Debug.bindings.cs Line: 123)

AI response residentId=resident-004 source=Local succeeded=True
UnityEngine.Debug:ExtractStackTraceNoAlloc (byte*,int,string)
UnityEngine.StackTraceUtility:ExtractStackTrace () (at C:/build/output/unity/unity/Runtime/Export/Scripting/StackTrace.cs:35)
UnityEngine.DebugLogHandler:Internal_Log (UnityEngine.LogType,UnityEngine.LogOption,string,UnityEngine.Object)
UnityEngine.DebugLogHandler:LogFormat (UnityEngine.LogType,UnityEngine.Object,string,object[]) (at C:/build/output/unity/unity/Runtime/Export/Logging/DebugLogHandler.cs:9)
UnityEngine.Logger:Log (UnityEngine.LogType,object) (at C:/build/output/unity/unity/Runtime/Export/Logging/Logger.cs:60)
UnityEngine.Debug:Log (object) (at C:/build/output/unity/unity/Runtime/Export/Debug/Debug.bindings.cs:123)
AIFarm.Presentation.RemoteAiGatewayClient:LogResponse (AIFarm.Npc.ResidentId,AIFarm.Ai.AiGatewayMode,bool) (at C:/学习/研究生/Elys AI/面试模拟题/AIFarm/My project/Assets/AIFarm/Presentation/RemoteAiGatewayClient.cs:627)
AIFarm.Presentation.RemoteAiGatewayClient:CompleteRemote<AIFarm.Ai.ResidentDecisionSpec> (AIFarm.Ai.AiGatewayResult`1<AIFarm.Ai.ResidentDecisionSpec>,System.Action`1<AIFarm.Ai.AiGatewayResult`1<AIFarm.Ai.ResidentDecisionSpec>>) (at C:/学习/研究生/Elys AI/面试模拟题/AIFarm/My project/Assets/AIFarm/Presentation/RemoteAiGatewayClient.cs:506)
AIFarm.Presentation.RemoteAiGatewayClient/<DecideResident>d__23:MoveNext () (at C:/学习/研究生/Elys AI/面试模拟题/AIFarm/My project/Assets/AIFarm/Presentation/RemoteAiGatewayClient.cs:410)
AIFarm.Ai.AiRequestCoordinator/<Coordinate>d__39`1<AIFarm.Ai.ResidentDecisionSpec>:MoveNext () (at C:/学习/研究生/Elys AI/面试模拟题/AIFarm/My project/Assets/AIFarm/Ai/AiRequestCoordinator.cs:441)
UnityEngine.SetupCoroutine:InvokeMoveNext (System.Collections.IEnumerator,intptr) (at C:/build/output/unity/unity/Runtime/Export/Scripting/Coroutines.cs:17)

(Filename: C:/build/output/unity/unity/Runtime/Export/Debug/Debug.bindings.cs Line: 123)

